source_id,pixel_0,pixel_1,pixel_2,pixel_3,pixel_4,pixel_5,pixel_6,pixel_7,pixel_8,pixel_9,pixel_10,pixel_11,pixel_12,pixel_13,pixel_14,pixel_15,pixel_16,pixel_17,pixel_18,pixel_19,pixel_20,pixel_21,pixel_22,pixel_23,pixel_24,pixel_25,pixel_26,pixel_27,pixel_28,pixel_29,pixel_30,pixel_31,pixel_32,pixel_33,pixel_34,pixel_35,pixel_36,pixel_37,pixel_38,pixel_39,pixel_40,pixel_41,pixel_42,pixel_43,pixel_44,pixel_45,pixel_46,pixel_47,pixel_48,pixel_49,pixel_50,pixel_51,pixel_52,pixel_53,pixel_54,pixel_55,pixel_56,pixel_57,pixel_58,pixel_59,pixel_60,pixel_61,pixel_62,pixel_63,digit
1,0,0,5,13,9,1,0,0,0,0,13,15,10,15,5,0,0,3,15,2,0,11,8,0,0,4,12,0,0,8,8,0,0,5,8,0,0,9,8,0,0,4,11,0,1,12,7,0,0,2,14,5,10,12,0,0,0,0,6,13,10,0,0,0,0
11,0,0,1,9,15,11,0,0,0,0,11,16,8,14,6,0,0,2,16,10,0,9,9,0,0,1,16,4,0,8,8,0,0,4,16,4,0,8,8,0,0,1,16,5,1,11,3,0,0,0,12,12,10,10,0,0,0,0,1,10,13,3,0,0,0
21,0,0,3,13,11,7,0,0,0,0,11,16,16,16,2,0,0,4,16,9,1,14,2,0,0,4,16,0,0,16,2,0,0,0,16,1,0,12,8,0,0,0,15,9,0,13,6,0,0,0,9,14,9,14,1,0,0,0,2,12,13,4,0,0,0
31,0,0,10,14,11,3,0,0,0,4,16,13,6,14,1,0,0,4,16,2,0,11,7,0,0,8,16,0,0,10,5,0,0,8,16,0,0,14,4,0,0,8,16,0,1,16,1,0,0,4,16,1,11,15,0,0,0,0,11,16,12,3,0,0,0
37,0,0,6,14,10,2,0,0,0,0,15,15,13,15,3,0,0,2,16,10,0,13,9,0,0,1,16,5,0,12,5,0,0,0,16,3,0,13,6,0,0,1,15,5,6,13,1,0,0,0,16,11,14,10,0,0,0,0,7,16,11,1,0,0,0
49,0,0,2,15,13,3,0,0,0,0,10,15,11,15,0,0,0,3,16,6,0,10,0,0,0,4,16,8,0,3,8,0,0,8,14,3,0,4,8,0,0,3,15,1,0,3,7,0,0,0,14,11,6,14,5,0,0,0,4,12,15,6,0,0,0
50,0,0,1,15,13,1,0,0,0,0,7,16,14,8,0,0,0,8,12,9,2,13,2,0,0,7,9,1,0,6,6,0,0,5,9,0,0,3,9,0,0,0,15,2,0,8,12,0,0,0,9,15,13,16,6,0,0,0,0,13,14,8,0,0,0
56,0,0,2,14,15,5,0,0,0,0,10,16,16,15,1,0,0,3,16,10,10,16,4,0,0,5,16,0,0,14,6,0,0,5,16,6,0,12,7,0,0,1,15,13,4,13,6,0,0,0,11,16,16,15,0,0,0,0,2,11,13,4,0,0,0
73,0,0,1,13,10,0,0,0,0,7,16,16,16,7,0,0,0,8,16,13,10,15,0,0,0,8,16,2,2,15,3,0,0,5,15,2,0,12,7,0,0,1,15,6,2,16,3,0,0,0,11,15,13,16,0,0,0,0,1,15,14,8,0,0,0
79,0,0,10,12,10,0,0,0,0,3,16,16,16,4,0,0,0,7,15,3,8,13,0,0,0,8,12,0,0,14,1,0,0,8,12,0,0,7,8,0,0,5,13,0,0,4,8,0,0,0,14,8,0,10,8,0,0,0,7,12,13,12,4,0,0
80,0,0,4,14,11,0,0,0,0,3,15,15,16,9,0,0,0,8,13,0,3,15,1,0,0,8,12,0,0,8,6,0,0,8,12,0,0,8,8,0,0,5,13,1,0,8,8,0,0,2,15,14,12,15,6,0,0,0,5,16,15,8,0,0,0
102,0,0,1,12,5,0,0,0,0,0,9,16,14,3,0,0,0,2,16,14,11,13,0,0,0,2,16,10,0,14,4,0,0,4,16,0,0,12,4,0,0,4,16,3,0,11,10,0,0,0,13,12,8,14,6,0,0,0,3,10,16,12,1,0,0
127,0,0,3,12,10,1,0,0,0,1,16,16,16,10,0,0,0,5,16,13,6,16,1,0,0,5,16,7,0,13,3,0,0,5,16,4,0,13,7,0,0,1,16,8,0,14,7,0,0,0,13,14,13,16,3,0,0,0,2,13,15,6,0,0,0
131,0,0,2,12,9,0,0,0,0,0,11,15,12,5,0,0,0,0,15,5,0,14,0,0,0,2,15,1,0,9,7,0,0,4,10,0,0,7,8,0,0,0,12,0,0,8,10,0,0,2,15,5,10,16,1,0,0,0,5,14,12,4,0,0,0
141,0,0,12,9,12,1,0,0,0,0,14,16,16,8,0,0,0,3,16,9,3,15,2,0,0,4,16,1,0,16,5,0,0,5,12,0,0,16,5,0,0,3,14,1,4,16,4,0,0,0,15,12,14,14,0,0,0,0,7,12,12,2,0,0,0
151,0,0,2,12,4,0,0,0,0,1,12,16,16,3,0,0,0,7,16,6,4,13,0,0,0,8,16,6,0,13,5,0,0,1,16,5,0,7,9,0,0,0,16,8,0,8,12,0,0,0,13,14,14,16,10,0,0,0,4,14,15,7,0,0,0
161,0,0,5,14,10,7,0,0,0,0,16,16,16,16,3,0,0,3,16,10,2,16,7,0,0,7,16,3,0,12,8,0,0,8,16,1,0,12,8,0,0,7,16,5,2,16,4,0,0,2,16,15,14,13,0,0,0,0,7,15,13,2,0,0,0
167,0,0,5,16,15,1,0,0,0,1,15,9,10,12,0,0,0,3,16,1,0,16,4,0,0,6,16,0,0,11,6,0,0,3,16,1,0,11,8,0,0,4,16,4,3,15,4,0,0,1,13,13,13,14,1,0,0,0,4,13,14,1,0,0,0
179,0,0,6,15,15,3,0,0,0,3,16,14,14,13,0,0,0,6,15,2,1,14,5,0,0,8,14,2,0,9,8,0,0,8,16,4,0,8,8,0,0,5,16,6,0,11,9,0,0,1,16,16,14,16,9,0,0,0,5,14,15,10,1,0,0
180,0,0,0,10,15,1,0,0,0,0,5,16,16,10,0,0,0,0,14,6,6,15,0,0,0,4,16,4,0,15,3,0,0,5,15,5,0,11,5,0,0,0,12,11,0,13,5,0,0,0,8,16,16,16,3,0,0,0,1,8,13,8,0,0,0
186,0,0,2,15,13,0,0,0,0,0,13,16,16,9,0,0,0,5,16,9,6,16,4,0,0,5,16,3,1,14,7,0,0,6,16,4,0,16,8,0,0,3,16,12,6,16,12,0,0,0,14,16,16,16,4,0,0,0,2,13,15,8,0,0,0
203,0,0,4,15,11,1,0,0,0,2,14,14,16,8,0,0,0,8,15,2,3,13,0,0,0,4,16,0,0,12,7,0,0,7,16,0,0,12,8,0,0,3,16,6,1,14,9,0,0,0,15,16,16,16,2,0,0,0,4,13,14,6,0,0,0
209,0,0,2,12,12,2,0,0,0,0,10,16,16,9,0,0,0,3,16,16,8,15,3,0,0,6,16,6,0,13,8,0,0,8,16,4,0,15,8,0,0,5,16,8,12,16,6,0,0,0,15,16,16,15,2,0,0,0,3,13,12,3,0,0,0
210,0,0,0,14,7,0,0,0,0,1,9,16,16,3,0,0,0,4,16,8,11,11,0,0,0,3,16,7,4,16,4,0,0,8,16,4,0,16,8,0,0,5,16,10,0,13,11,0,0,0,13,16,16,16,9,0,0,0,2,10,13,6,0,0,0
230,0,0,4,12,10,1,0,0,0,3,16,13,15,10,0,0,0,5,16,2,1,14,3,0,0,8,13,0,0,10,8,0,0,8,12,0,0,8,8,0,0,8,14,0,0,11,8,0,0,3,16,14,13,16,2,0,0,0,8,16,13,5,0,0,0
253,0,0,2,14,13,0,0,0,0,0,10,15,15,8,0,0,0,2,16,7,4,15,0,0,0,4,16,4,0,13,7,0,0,4,16,1,0,10,8,0,0,4,16,5,1,12,11,0,0,1,15,14,13,16,3,0,0,0,3,12,13,5,0,0,0
257,0,0,4,11,15,8,0,0,0,0,13,16,11,13,7,0,0,3,16,12,0,4,8,0,0,6,16,5,0,4,8,0,0,7,9,0,0,9,7,0,0,4,10,0,2,15,2,0,0,1,16,12,14,10,0,0,0,0,4,14,14,1,0,0,0
267,0,0,4,13,8,0,0,0,0,0,13,16,15,7,0,0,0,3,16,9,6,15,6,0,0,8,14,0,0,4,8,0,0,8,12,0,0,4,8,0,0,4,12,0,0,11,6,0,0,0,14,10,12,14,1,0,0,0,7,15,11,2,0,0,0
277,0,0,5,15,12,8,0,0,0,0,13,16,10,13,3,0,0,5,16,9,0,8,4,0,0,4,13,1,0,4,8,0,0,4,8,0,0,8,4,0,0,1,14,0,0,11,3,0,0,0,12,9,9,15,0,0,0,0,4,14,15,4,0,0,0
287,0,0,2,12,15,12,1,0,0,1,14,14,14,11,8,0,0,5,16,3,0,2,8,0,0,8,14,0,0,6,8,0,0,4,12,0,0,9,4,0,0,1,16,1,1,14,1,0,0,0,11,9,11,8,0,0,0,0,2,13,14,1,0,0,0
293,0,0,9,16,15,14,1,0,0,1,15,15,5,10,7,0,0,6,16,1,0,1,8,0,0,8,13,0,0,4,8,0,0,7,6,0,0,6,6,0,0,5,9,0,0,13,1,0,0,0,16,5,12,12,0,0,0,0,8,15,10,1,0,0,0
305,0,0,2,13,10,3,0,0,0,0,10,15,12,13,1,0,0,0,16,4,0,6,4,0,0,2,16,3,0,1,7,0,0,5,13,5,0,2,8,0,0,4,12,0,0,3,8,0,0,0,13,5,6,13,5,0,0,0,5,14,13,8,1,0,0
306,0,0,5,13,13,5,0,0,0,0,16,16,10,15,3,0,0,5,16,2,1,8,4,0,0,4,13,0,0,4,8,0,0,8,12,0,0,6,7,0,0,5,15,0,0,7,7,0,0,0,16,8,5,15,3,0,0,0,5,14,15,9,0,0,0
312,0,0,4,13,11,7,0,0,0,0,14,16,13,16,2,0,0,5,16,4,0,5,7,0,0,8,14,0,0,4,8,0,0,6,9,0,0,4,8,0,0,2,14,1,0,8,6,0,0,0,13,12,9,15,2,0,0,0,3,16,12,5,0,0,0
329,0,0,5,8,11,5,0,0,0,0,13,16,12,12,0,0,0,1,16,9,0,9,3,0,0,3,16,6,0,6,6,0,0,3,11,1,0,5,6,0,0,0,12,0,0,11,6,0,0,0,14,5,12,15,1,0,0,0,6,16,13,2,0,0,0
335,0,0,3,11,16,10,0,0,0,0,10,16,10,14,6,0,0,0,15,7,0,11,8,0,0,3,16,2,0,8,8,0,0,4,12,0,0,9,8,0,0,6,15,1,0,12,8,0,0,3,15,10,8,15,4,0,0,0,5,12,14,9,0,0,0
336,0,0,7,15,9,5,0,0,0,0,14,16,14,15,0,0,0,1,16,8,4,6,4,0,0,4,15,1,0,6,5,0,0,3,11,0,0,7,5,0,0,3,11,0,1,13,2,0,0,1,13,8,13,13,0,0,0,0,6,15,11,1,0,0,0
358,0,0,3,14,7,0,0,0,0,0,14,16,14,9,0,0,0,4,16,16,11,15,3,0,0,5,15,6,0,4,8,0,0,8,8,0,0,4,8,0,0,5,11,0,0,6,6,0,0,0,13,10,5,15,5,0,0,0,2,12,14,8,0,0,0
383,0,0,5,11,4,1,0,0,0,0,15,16,16,11,0,0,0,2,16,9,2,12,4,0,0,6,13,0,0,6,6,0,0,3,13,0,0,5,9,0,0,3,16,0,0,6,8,0,0,0,13,12,8,16,7,0,0,0,4,13,12,10,0,0,0
387,0,0,9,15,5,0,0,0,0,3,15,15,16,4,0,0,0,10,14,0,9,14,0,0,0,8,12,0,0,12,5,0,0,8,8,0,0,10,8,0,0,5,14,0,0,12,8,0,0,0,16,7,12,16,4,0,0,0,9,16,15,7,0,0,0
2,0,0,0,12,13,5,0,0,0,0,0,11,16,9,0,0,0,0,3,15,16,6,0,0,0,7,15,16,16,2,0,0,0,0,1,16,16,3,0,0,0,0,1,16,16,6,0,0,0,0,1,16,16,6,0,0,0,0,0,11,16,10,0,0,1
12,0,0,0,0,14,13,1,0,0,0,0,5,16,16,2,0,0,0,0,14,16,12,0,0,0,1,10,16,16,12,0,0,0,3,12,14,16,9,0,0,0,0,0,5,16,15,0,0,0,0,0,4,16,14,0,0,0,0,0,1,13,16,1,0,1
22,0,0,0,2,16,16,2,0,0,0,0,4,16,16,2,0,0,1,4,12,16,12,0,0,0,7,16,16,16,12,0,0,0,0,3,10,16,14,0,0,0,0,0,8,16,12,0,0,0,0,0,6,16,16,2,0,0,0,0,2,12,15,4,0,1
43,0,0,0,0,12,5,0,0,0,0,0,2,16,12,0,0,0,0,1,12,16,11,0,0,0,2,12,16,16,10,0,0,0,6,11,5,15,6,0,0,0,0,0,1,16,9,0,0,0,0,0,2,16,11,0,0,0,0,0,3,16,8,0,0,1
48,0,0,0,1,11,9,0,0,0,0,0,7,16,13,0,0,0,0,4,14,16,9,0,0,0,10,16,11,16,8,0,0,0,0,0,3,16,6,0,0,0,0,0,3,16,8,0,0,0,0,0,5,16,10,0,0,0,0,0,2,14,6,0,0,1
57,0,0,0,0,12,13,1,0,0,0,0,8,16,15,2,0,0,0,10,16,16,12,0,0,0,4,16,16,16,13,0,0,0,4,7,4,16,6,0,0,0,0,0,1,16,8,0,0,0,0,0,1,16,8,0,0,0,0,0,0,12,12,0,0,1
71,0,0,0,0,14,7,0,0,0,0,0,13,16,9,0,0,0,0,10,16,16,7,0,0,0,7,16,8,16,2,0,0,0,1,5,6,16,6,0,0,0,0,0,4,16,6,0,0,0,0,0,2,16,6,0,0,0,0,0,0,12,11,0,0,1
81,0,0,0,1,14,13,1,0,0,0,0,1,16,16,3,0,0,5,11,15,16,16,0,0,0,4,15,16,16,15,0,0,0,0,0,8,16,7,0,0,0,0,0,10,16,3,0,0,0,0,0,8,16,6,0,0,0,0,0,2,13,15,2,0,1
86,0,0,0,1,16,5,0,0,0,0,0,5,16,11,0,0,0,0,0,12,16,11,0,0,0,7,12,16,16,7,0,0,0,4,8,12,16,4,0,0,0,0,0,9,16,2,0,0,0,0,0,10,16,2,0,0,0,0,0,3,13,5,0,0,1
91,0,0,0,1,12,8,1,0,0,0,0,4,16,16,1,0,0,0,1,13,16,11,0,0,0,1,11,16,16,12,0,0,0,2,12,8,16,10,0,0,0,0,0,0,15,8,0,0,0,0,0,4,16,4,0,0,0,0,0,3,13,4,0,0,1
94,0,0,0,11,16,5,0,0,0,0,0,10,16,5,0,0,0,0,4,16,16,5,0,0,0,11,16,16,16,3,0,0,0,5,8,14,16,2,0,0,0,0,0,14,16,2,0,0,0,0,0,11,16,2,0,0,0,0,0,8,16,8,0,0,1
100,0,0,1,15,13,0,0,0,0,0,1,16,16,5,0,0,0,0,7,16,16,0,0,0,0,0,13,16,13,0,0,0,0,7,16,16,13,0,0,0,0,1,11,16,13,0,0,0,0,0,2,16,16,0,0,0,0,0,1,14,16,3,0,0,1
108,0,0,0,0,6,10,0,0,0,0,0,0,14,15,0,0,0,0,0,10,16,16,0,0,0,0,7,16,16,15,0,0,0,3,15,7,15,10,0,0,0,0,0,0,13,11,0,0,0,0,0,0,15,9,0,0,0,0,0,0,8,15,0,0,1
132,0,0,0,0,5,15,8,0,0,0,0,2,15,16,9,0,0,0,3,15,16,16,10,0,0,7,16,10,8,16,7,0,0,0,1,0,8,16,4,0,0,0,0,0,11,16,1,0,0,0,0,0,9,16,1,0,0,0,0,0,8,14,0,0,1
142,0,0,0,0,7,13,5,0,0,0,0,0,15,16,8,0,0,0,1,13,16,16,3,0,0,0,12,16,16,16,0,0,0,8,16,3,16,13,0,0,0,2,3,0,16,12,0,0,0,0,0,0,16,13,0,0,0,0,0,0,8,12,0,0,1
152,0,0,0,0,5,14,3,0,0,0,0,0,9,16,8,0,0,0,0,9,16,16,5,0,0,1,13,15,12,16,1,0,0,4,12,3,10,15,0,0,0,0,0,0,11,12,0,0,0,0,0,0,8,12,0,0,0,0,0,0,5,13,4,0,1
173,0,0,0,0,14,16,7,0,0,0,0,5,16,16,8,0,0,0,1,12,16,16,8,0,0,5,14,16,16,16,5,0,0,1,4,7,16,16,8,0,0,0,0,2,16,16,7,0,0,0,0,2,16,16,3,0,0,0,0,0,16,16,0,0,1
178,0,0,0,0,12,11,1,0,0,0,0,1,16,16,7,0,0,0,1,14,16,16,7,0,0,1,14,16,14,16,8,0,0,5,12,3,8,16,7,0,0,0,0,0,8,16,4,0,0,0,0,0,8,16,1,0,0,0,0,0,11,12,0,0,1
187,0,0,0,1,11,14,5,0,0,0,0,9,16,16,5,0,0,0,10,16,16,16,1,0,0,5,16,16,16,16,0,0,0,1,5,11,16,16,0,0,0,0,0,5,16,16,0,0,0,0,0,0,11,16,0,0,0,0,0,0,11,10,0,0,1
201,0,0,0,0,11,12,0,0,0,0,0,3,15,14,0,0,0,0,0,11,16,11,0,0,0,0,9,16,16,10,0,0,0,4,16,12,16,12,0,0,0,3,10,3,16,11,0,0,0,0,0,0,16,14,0,0,0,0,0,0,11,11,0,0,1
211,0,0,0,0,7,14,7,0,0,0,0,3,16,16,9,0,0,0,6,15,16,16,6,0,0,5,16,16,16,16,2,0,0,4,8,8,16,16,0,0,0,0,0,3,16,16,3,0,0,0,0,1,13,16,0,0,0,0,0,0,8,15,0,0,1
216,0,0,0,0,7,15,1,0,0,0,0,0,11,16,0,0,0,0,0,0,16,14,0,0,0,0,0,10,16,15,0,0,0,0,12,16,16,11,0,0,0,5,16,6,15,12,0,0,0,0,1,0,12,16,0,0,0,0,0,0,4,15,4,0,1
219,0,0,0,0,3,15,6,0,0,0,0,0,11,16,7,0,0,0,0,9,16,16,4,0,0,0,10,16,16,16,4,0,0,4,16,7,8,16,4,0,0,1,4,0,10,16,2,0,0,0,0,0,7,16,1,0,0,0,0,0,3,16,1,0,1
222,0,0,0,4,14,14,5,0,0,0,0,9,16,16,7,0,0,0,5,15,16,15,3,0,0,4,15,16,16,12,0,0,0,5,16,16,16,12,0,0,0,0,0,12,16,13,1,0,0,0,0,8,16,16,7,0,0,0,0,4,14,15,6,0,1
228,0,0,0,1,16,11,0,0,0,0,0,1,16,16,4,0,0,0,0,8,16,16,0,0,0,0,10,16,16,16,1,0,0,6,16,14,16,15,0,0,0,1,3,5,16,12,0,0,0,0,0,4,16,12,0,0,0,0,0,2,15,12,0,0,1
236,0,0,0,0,10,13,7,0,0,0,0,5,16,16,11,0,0,0,4,14,16,16,7,0,0,3,14,16,16,16,4,0,0,7,16,16,16,16,4,0,0,0,2,13,16,16,3,0,0,0,0,11,16,16,0,0,0,0,0,2,13,16,1,0,1
258,0,0,0,13,15,8,0,0,0,0,1,16,16,10,0,0,0,0,1,16,16,8,0,0,0,0,4,16,16,2,0,0,0,0,11,16,14,0,0,0,0,2,16,16,10,0,0,0,0,0,13,16,15,2,0,0,0,0,1,13,16,4,0,0,1
268,0,0,0,0,14,4,0,0,0,0,0,3,16,11,0,0,0,0,0,10,16,9,0,0,0,0,0,13,16,7,0,0,0,0,12,16,16,4,0,0,0,1,13,12,16,5,0,0,0,0,0,4,16,9,0,0,0,0,0,0,14,10,0,0,1
278,0,0,0,4,13,13,0,0,0,0,0,10,16,16,1,0,0,0,3,14,16,13,0,0,0,0,8,16,16,5,0,0,0,3,15,16,16,4,0,0,0,4,16,16,16,6,0,0,0,2,8,15,16,9,0,0,0,0,0,4,14,12,0,0,1
299,0,0,7,12,9,0,0,0,0,0,12,16,16,1,0,0,0,0,11,16,16,0,0,0,0,0,12,16,16,0,0,0,0,0,13,16,16,0,0,0,0,0,13,16,16,0,0,0,0,1,14,16,16,1,0,0,0,0,4,12,12,9,0,0,1
304,0,0,0,10,13,0,0,0,0,0,0,13,16,5,0,0,0,0,0,16,16,4,0,0,0,0,3,16,16,7,0,0,0,0,7,16,16,9,0,0,0,0,9,16,16,10,0,0,0,0,10,16,16,14,0,0,0,0,1,5,7,15,8,0,1
313,0,0,0,0,11,14,3,0,0,0,0,2,16,16,2,0,0,0,0,11,16,14,0,0,0,0,3,16,16,15,0,0,0,1,13,16,16,13,0,0,0,6,16,9,15,13,0,0,0,0,0,0,12,16,1,0,0,0,0,0,9,14,1,0,1
327,0,0,1,15,11,1,0,0,0,0,2,16,16,7,0,0,0,0,6,16,16,5,0,0,0,0,8,16,16,4,0,0,0,0,9,16,13,0,0,0,0,0,11,16,13,0,0,0,0,0,11,16,11,0,0,0,0,0,1,14,16,3,0,0,1
337,0,0,0,2,13,9,0,0,0,0,0,7,16,15,0,0,0,0,0,11,16,7,0,0,0,0,0,15,16,2,0,0,0,0,7,16,14,0,0,0,0,0,13,16,14,0,0,0,0,0,8,15,16,0,0,0,0,0,0,3,13,8,0,0,1
342,0,0,0,0,10,11,0,0,0,0,0,0,16,13,0,0,0,0,0,7,16,9,0,0,0,0,0,13,16,3,0,0,0,0,10,16,16,0,0,0,0,0,15,16,16,4,0,0,0,3,12,6,16,6,0,0,0,0,0,0,10,13,7,0,1
347,0,0,0,12,15,2,0,0,0,0,0,13,16,8,0,0,0,0,0,14,16,9,0,0,0,0,0,13,16,6,0,0,0,0,7,16,16,3,0,0,0,1,16,16,16,1,0,0,0,0,8,16,16,2,0,0,0,0,0,9,16,7,0,0,1
350,0,0,1,14,7,0,0,0,0,0,6,16,16,1,0,0,0,0,7,16,15,0,0,0,0,0,6,16,15,0,0,0,0,0,6,16,15,0,0,0,0,0,4,16,16,1,0,0,0,0,4,16,16,6,0,0,0,0,1,15,16,8,0,0,1
356,0,0,3,16,11,0,0,0,0,0,0,16,16,6,0,0,0,0,0,13,16,7,0,0,0,0,0,11,16,10,0,0,0,0,0,12,16,6,0,0,0,0,3,16,16,2,0,0,0,0,5,16,15,0,0,0,0,0,3,13,15,0,0,0,1
364,0,0,8,16,15,8,0,0,0,1,16,16,16,2,0,0,0,2,16,16,10,0,0,0,0,2,16,16,12,0,0,0,0,6,16,16,13,0,0,0,0,1,16,16,11,0,0,0,0,0,16,16,10,0,0,0,0,0,7,15,15,0,0,0,1
388,0,0,0,0,13,16,6,0,0,0,3,11,16,16,5,0,0,5,16,16,16,16,4,0,0,4,10,9,16,16,4,0,0,0,0,0,13,16,4,0,0,0,0,0,12,16,4,0,0,0,0,2,16,16,7,0,0,0,0,1,12,14,5,0,1
3,0,0,0,4,15,12,0,0,0,0,3,16,15,14,0,0,0,0,8,13,8,16,0,0,0,0,1,6,15,11,0,0,0,1,8,13,15,1,0,0,0,9,16,16,5,0,0,0,0,3,13,16,16,11,5,0,0,0,0,3,11,16,9,0,2
13,0,0,5,12,1,0,0,0,0,0,15,14,7,0,0,0,0,0,13,1,12,0,0,0,0,2,10,0,14,0,0,0,0,0,2,0,16,1,0,0,0,0,0,6,15,0,0,0,0,0,9,16,15,9,8,2,0,0,3,11,8,13,12,4,2
23,0,0,8,16,5,0,0,0,0,1,13,11,16,0,0,0,0,0,10,0,13,3,0,0,0,0,3,1,16,1,0,0,0,0,0,9,12,0,0,0,0,0,3,15,5,0,0,0,0,0,14,15,8,8,3,0,0,0,7,12,12,12,13,1,2
51,0,0,0,5,14,12,2,0,0,0,7,15,8,14,4,0,0,0,6,2,3,13,1,0,0,0,0,1,13,4,0,0,0,0,1,11,9,0,0,0,0,8,16,13,0,0,0,0,0,5,14,16,11,2,0,0,0,0,0,6,12,13,3,0,2
52,0,0,0,3,15,10,1,0,0,0,0,11,10,16,4,0,0,0,0,12,1,15,6,0,0,0,0,3,4,15,4,0,0,0,0,6,15,6,0,0,0,4,15,16,9,0,0,0,0,0,13,16,15,9,3,0,0,0,0,4,9,14,7,0,2
55,0,0,0,1,14,14,3,0,0,0,0,10,11,13,8,0,0,0,0,7,0,13,8,0,0,0,0,0,7,15,1,0,0,4,8,12,15,4,0,0,0,6,16,16,6,0,0,0,0,0,2,12,12,4,2,0,0,0,0,1,13,16,5,0,2
58,0,0,0,1,9,11,0,0,0,0,0,13,16,16,0,0,0,0,0,12,7,14,0,0,0,0,0,0,14,7,0,0,0,0,5,12,12,0,0,0,0,7,16,16,6,0,0,0,0,4,9,13,16,11,4,0,0,0,0,0,9,13,3,0,2
76,0,0,0,0,9,13,0,0,0,0,0,2,16,16,1,0,0,0,0,5,9,15,0,0,0,0,0,0,5,14,0,0,0,0,0,3,15,7,0,0,0,7,16,16,11,0,0,0,0,0,11,14,16,7,3,0,0,0,0,0,9,15,9,0,2
78,0,0,0,0,11,15,4,0,0,0,0,3,16,16,12,0,0,0,0,8,14,16,12,0,0,0,0,5,10,16,6,0,0,1,7,11,16,13,0,0,0,9,16,16,14,1,0,0,0,3,8,14,16,9,0,0,0,0,0,1,11,16,12,0,2
85,0,1,13,15,2,0,0,0,0,6,15,15,9,0,0,0,0,9,8,10,13,0,0,0,0,5,3,12,12,0,0,0,0,0,3,16,6,0,0,0,0,5,15,15,1,0,0,0,0,6,16,15,12,12,11,0,0,1,11,13,16,16,12,0,2
114,0,0,2,16,13,1,0,0,0,0,6,15,16,7,0,0,0,0,3,6,16,8,0,0,0,0,0,3,16,6,0,0,0,0,1,13,13,0,0,0,0,6,14,16,4,0,0,0,0,9,16,16,13,10,3,0,0,0,4,11,15,16,10,0,2
116,0,0,0,8,15,8,0,0,0,0,3,16,12,16,4,0,0,0,2,10,1,16,4,0,0,0,0,0,8,14,0,0,0,0,0,9,15,3,0,0,0,3,16,14,4,0,0,0,0,4,15,14,7,1,0,0,0,0,0,9,12,14,4,0,2
117,0,0,1,10,16,8,0,0,0,0,11,13,10,16,0,0,0,0,12,1,4,16,1,0,0,0,1,0,13,7,0,0,0,0,0,9,12,0,0,0,0,2,13,15,1,0,0,0,0,4,15,14,7,4,0,0,0,0,1,11,14,15,5,0,2
133,0,2,15,16,6,0,0,0,0,5,16,15,14,0,0,0,0,5,13,10,14,0,0,0,0,0,0,12,12,0,0,0,0,0,1,16,7,0,0,0,0,0,10,15,2,0,0,0,0,3,16,10,8,6,1,0,0,2,15,16,16,16,7,0,2
143,0,0,13,14,8,1,0,0,0,1,16,16,16,6,0,0,0,0,3,5,16,8,0,0,0,0,0,9,16,2,0,0,0,0,1,16,9,0,0,0,0,1,16,13,0,0,0,0,0,5,16,11,4,4,0,0,0,1,13,14,12,12,0,0,2
153,0,0,6,13,10,3,0,0,0,5,15,11,16,11,0,0,0,2,6,0,16,12,0,0,0,0,0,0,16,12,0,0,0,0,0,7,16,6,0,0,0,0,5,15,10,0,0,0,0,0,11,16,8,4,0,0,0,0,8,14,13,12,4,0,2
181,0,0,7,15,15,4,0,0,0,8,16,16,16,4,0,0,0,8,15,8,16,4,0,0,0,0,0,10,15,0,0,0,0,0,1,15,9,0,0,0,0,0,6,16,2,0,0,0,0,0,8,16,8,11,9,0,0,0,9,16,16,12,3,0,2
182,0,1,12,14,10,0,0,0,0,5,16,16,16,4,0,0,0,0,0,4,16,4,0,0,0,0,0,7,15,1,0,0,0,0,2,15,9,0,0,0,0,0,9,15,2,0,0,0,0,0,16,14,8,8,3,0,0,0,10,15,13,9,4,0,2
185,0,0,11,12,0,0,0,0,0,7,16,16,5,0,0,0,0,5,13,16,8,0,0,0,0,0,1,16,8,0,0,0,0,0,7,16,5,0,0,0,0,0,9,15,1,0,0,0,0,0,16,15,9,7,2,0,0,0,12,14,13,12,5,0,2
188,0,0,9,16,5,0,0,0,0,6,16,16,15,0,0,0,0,7,16,14,16,2,0,0,0,3,6,12,16,0,0,0,0,0,0,15,12,0,0,0,0,0,7,16,6,1,3,0,0,0,9,16,13,15,8,0,0,0,7,16,16,8,1,0,2
206,0,0,3,13,12,2,0,0,0,0,14,13,15,11,0,0,0,0,7,0,8,15,0,0,0,0,0,0,13,6,0,0,0,0,0,3,16,4,0,0,0,0,0,13,11,0,0,0,0,0,3,16,12,8,1,0,0,0,3,16,11,8,0,0,2
208,0,0,5,14,11,0,0,0,0,0,15,16,15,0,0,0,0,0,10,8,16,1,0,0,0,0,0,6,14,0,0,0,0,0,0,12,9,0,0,0,0,0,1,16,3,0,0,0,0,0,8,16,12,11,0,0,0,0,7,16,12,7,0,0,2
215,0,0,10,16,9,0,0,0,0,4,16,16,16,0,0,0,0,2,12,9,15,0,0,0,0,0,0,11,11,0,0,0,0,0,1,16,7,0,0,0,0,0,9,16,2,0,0,0,0,0,15,16,8,5,0,0,0,0,11,16,16,16,2,0,2
242,0,2,15,13,0,0,0,0,0,12,16,16,3,0,0,0,0,5,13,16,4,0,0,0,0,0,8,16,4,0,0,0,0,0,8,16,4,0,0,0,0,0,12,16,0,0,0,0,0,0,16,16,16,14,6,0,0,1,16,16,16,12,7,0,2
244,0,2,15,15,5,0,0,0,0,5,16,16,11,0,0,0,0,9,15,16,12,0,0,0,0,0,4,16,6,0,0,0,0,0,8,16,2,0,0,0,0,1,14,13,0,0,0,0,0,4,16,14,14,16,5,0,0,2,14,16,13,9,1,0,2
245,0,0,4,14,16,4,0,0,0,3,16,16,16,6,0,0,0,8,16,12,16,7,0,0,0,3,5,12,15,0,0,0,0,0,0,15,12,0,0,0,0,0,6,16,2,0,0,0,0,0,8,16,12,5,1,0,0,0,4,16,16,15,4,0,2
259,0,0,6,14,8,0,0,0,0,6,16,10,14,4,0,0,0,11,5,0,11,4,0,0,0,4,6,2,16,2,0,0,0,0,0,13,7,0,0,0,0,0,7,14,0,0,0,0,0,0,12,10,8,8,4,0,0,0,7,14,14,14,13,0,2
269,0,0,10,16,11,0,0,0,0,8,15,10,15,2,0,0,0,11,11,2,16,5,0,0,0,7,5,6,16,3,0,0,0,0,1,15,10,0,0,0,0,0,10,16,2,0,0,0,0,0,12,14,8,10,5,0,0,0,12,16,16,16,15,0,2
279,0,1,13,16,16,4,0,0,0,9,15,6,13,8,0,0,0,5,10,0,12,10,0,0,0,0,0,6,16,5,0,0,0,0,5,16,10,0,0,0,0,2,16,11,0,0,0,0,0,5,16,13,8,8,5,0,0,1,10,14,16,16,16,0,2
307,0,2,15,16,7,0,0,0,0,10,15,10,16,2,0,0,0,9,11,5,16,0,0,0,0,0,0,12,11,0,0,0,0,0,5,16,2,0,0,0,0,3,15,8,0,0,0,0,0,8,15,5,5,8,3,0,0,3,15,16,16,16,10,0,2
308,0,0,5,15,15,2,0,0,0,3,16,9,16,5,0,0,0,5,9,1,16,1,0,0,0,0,0,10,9,0,0,0,0,0,1,16,3,0,0,0,0,0,9,9,0,0,0,0,0,0,11,14,7,6,2,0,0,0,6,16,16,15,2,0,2
311,0,0,7,16,16,3,0,0,0,7,16,9,14,7,0,0,0,10,9,0,14,5,0,0,0,3,3,4,16,2,0,0,0,0,0,12,11,0,0,0,0,0,6,16,3,0,0,0,0,0,12,15,8,8,3,0,0,0,10,16,16,16,9,0,2
314,0,2,11,16,12,1,0,0,0,9,16,9,16,4,0,0,0,14,7,4,16,1,0,0,0,6,5,9,14,0,0,0,0,0,3,16,5,0,0,0,0,0,13,14,0,0,0,0,0,3,16,11,8,12,9,0,0,2,15,16,16,13,16,1,2
332,0,0,11,16,15,5,0,0,0,8,16,14,16,8,0,0,0,11,10,0,16,8,0,0,0,3,1,6,16,2,0,0,0,0,1,15,10,0,0,0,0,0,11,15,1,0,0,0,0,0,16,14,12,12,8,0,0,1,15,16,16,14,8,0,2
334,0,2,15,16,15,2,0,0,0,8,14,8,14,8,0,0,0,7,5,2,16,5,0,0,0,0,0,12,13,0,0,0,0,0,8,15,1,0,0,0,0,1,15,7,0,0,0,0,0,4,16,9,8,8,2,0,0,2,15,16,16,16,13,0,2
341,0,0,10,16,16,7,0,0,0,6,15,9,14,12,0,0,0,3,5,0,13,8,0,0,0,0,0,10,13,0,0,0,0,0,2,16,4,0,0,0,0,0,12,8,0,0,0,0,0,0,16,13,11,8,3,0,0,0,12,16,16,16,5,0,2
370,0,0,7,12,12,2,0,0,0,5,15,6,10,9,0,0,0,11,4,0,11,6,0,0,0,3,0,2,15,2,0,0,0,0,1,13,6,0,0,0,0,0,11,11,1,0,0,0,0,1,16,7,4,4,2,0,0,0,11,12,13,14,11,0,2
372,0,3,15,16,13,1,0,0,0,10,13,9,16,4,0,0,0,1,1,0,16,6,0,0,0,0,0,10,15,1,0,0,0,0,10,16,3,0,0,0,0,3,16,7,0,0,0,0,0,5,16,13,12,7,2,0,0,2,13,13,13,16,15,0,2
373,0,3,13,16,9,0,0,0,0,10,15,13,15,2,0,0,0,15,4,4,16,1,0,0,0,0,0,5,16,2,0,0,0,0,1,14,13,0,0,0,0,0,10,16,5,0,0,0,0,4,16,13,8,10,9,1,0,2,16,16,14,12,9,1,2
389,0,0,7,14,5,0,0,0,0,5,16,16,11,0,0,0,0,2,14,2,14,0,0,0,0,0,0,5,16,0,0,0,0,0,0,8,16,0,0,0,0,0,0,11,12,0,0,0,0,0,11,16,14,8,10,0,0,0,7,12,12,12,15,2,2
4,0,0,7,15,13,1,0,0,0,8,13,6,15,4,0,0,0,2,1,13,13,0,0,0,0,0,2,15,11,1,0,0,0,0,0,1,12,12,1,0,0,0,0,0,1,10,8,0,0,0,8,4,5,14,9,0,0,0,7,13,13,9,0,0,3
14,0,2,9,15,14,9,3,0,0,4,13,8,9,16,8,0,0,0,0,6,14,15,3,0,0,0,0,11,14,2,0,0,0,0,0,2,15,11,0,0,0,0,0,0,2,15,4,0,0,1,5,6,13,16,6,0,0,2,12,12,13,11,0,0,3
24,0,1,8,12,15,14,4,0,0,3,11,8,8,12,12,0,0,0,0,0,2,13,7,0,0,0,0,2,15,12,1,0,0,0,0,0,13,5,0,0,0,0,0,0,9,13,0,0,0,0,7,8,14,15,0,0,0,0,14,15,11,2,0,0,3
46,0,0,9,16,13,6,0,0,0,0,6,5,16,16,0,0,0,0,0,8,15,5,0,0,0,0,0,5,14,3,0,0,0,0,0,0,9,15,2,0,0,0,0,0,0,11,12,0,0,0,4,8,11,15,12,0,0,0,11,14,12,8,0,0,3
60,0,1,10,15,11,1,0,0,0,3,8,8,11,12,0,0,0,0,0,5,14,15,1,0,0,0,0,11,15,2,0,0,0,0,0,4,15,2,0,0,0,0,0,0,12,10,0,0,0,0,3,4,10,16,1,0,0,0,13,16,15,10,0,0,3
61,0,0,10,15,14,4,0,0,0,0,4,6,13,16,2,0,0,0,0,3,16,9,0,0,0,0,0,1,16,6,0,0,0,0,0,0,10,12,0,0,0,0,0,0,1,16,4,0,0,1,9,5,6,16,7,0,0,0,14,12,15,11,2,0,3
63,0,0,14,16,14,6,0,0,0,0,7,10,16,16,3,0,0,0,0,5,16,16,1,0,0,0,0,2,16,8,0,0,0,0,0,0,12,13,1,0,0,0,0,0,4,16,7,0,0,0,5,9,14,16,7,0,0,0,13,16,16,10,1,0,3
64,0,3,16,16,14,7,1,0,0,1,9,9,15,16,4,0,0,0,0,7,16,12,1,0,0,0,0,9,16,2,0,0,0,0,0,3,15,7,0,0,0,0,0,0,9,15,0,0,0,1,10,10,16,16,3,0,0,2,13,16,12,5,0,0,3
84,0,2,13,15,10,4,0,0,0,0,5,4,13,15,2,0,0,0,0,0,11,16,4,0,0,0,0,0,16,12,0,0,0,0,0,0,13,11,0,0,0,0,0,0,8,13,0,0,0,1,6,8,14,12,0,0,0,2,12,14,11,1,0,0,3
90,0,0,13,16,15,4,0,0,0,0,9,8,13,16,3,0,0,0,0,0,13,16,7,0,0,0,0,1,16,12,0,0,0,0,0,0,15,10,0,0,0,0,0,0,8,15,0,0,0,0,3,6,15,16,7,0,0,0,15,16,16,11,1,0,3
92,0,4,14,16,16,12,1,0,0,2,12,7,14,16,6,0,0,0,0,5,16,10,0,0,0,0,0,4,16,7,0,0,0,0,0,4,16,6,0,0,0,0,0,1,15,11,0,0,0,1,8,10,16,10,0,0,0,5,16,16,15,1,0,0,3
99,0,2,15,16,16,13,2,0,0,1,10,8,14,16,8,0,0,0,0,0,16,15,1,0,0,0,0,0,16,8,0,0,0,0,0,0,14,14,0,0,0,0,0,0,11,16,1,0,0,2,14,13,16,16,3,0,0,2,15,16,14,5,0,0,3
104,0,4,13,16,16,12,3,0,0,3,7,4,13,16,6,0,0,0,0,8,15,5,0,0,0,0,0,12,8,0,0,0,0,0,0,7,12,0,0,0,0,0,0,4,12,0,0,0,0,1,7,12,11,0,0,0,0,3,15,12,2,0,0,0,3
134,0,3,16,16,12,12,6,0,0,0,4,4,5,14,8,0,0,0,0,0,11,11,0,0,0,0,0,4,16,3,0,0,0,0,0,0,12,11,0,0,0,0,0,0,9,14,0,0,0,0,3,7,15,4,0,0,0,3,16,14,4,0,0,0,3
144,0,6,16,16,15,7,0,0,0,2,11,12,16,16,5,0,0,0,0,0,14,15,2,0,0,0,0,1,16,11,0,0,0,0,0,0,14,14,0,0,0,0,0,0,5,16,9,0,0,0,3,7,12,16,7,0,0,3,16,16,15,11,1,0,3
154,0,1,11,12,14,6,0,0,0,1,6,4,8,16,7,0,0,0,0,0,3,16,5,0,0,0,0,2,14,9,0,0,0,0,0,4,16,7,0,0,0,0,0,1,14,13,0,0,0,0,0,1,12,14,0,0,0,5,12,15,9,1,0,0,3
176,0,1,10,16,16,11,0,0,0,5,10,8,12,16,4,0,0,0,0,1,10,14,0,0,0,0,0,6,16,4,0,0,0,0,0,7,16,5,0,0,0,0,0,1,12,16,4,0,0,0,2,4,9,16,4,0,0,1,15,14,11,4,0,0,3
190,0,4,12,13,13,6,0,0,0,6,14,8,13,16,0,0,0,0,0,0,11,16,2,0,0,0,0,0,16,15,0,0,0,0,0,0,12,16,3,0,0,0,0,0,4,16,9,0,0,0,1,4,12,16,8,0,0,2,13,16,12,6,0,0,3
191,0,2,15,15,6,0,0,0,0,0,10,13,16,5,0,0,0,0,0,2,16,9,0,0,0,0,0,3,16,11,0,0,0,0,0,0,13,14,1,0,0,0,0,0,7,16,5,0,0,1,4,6,13,15,1,0,0,3,15,14,11,2,0,0,3
193,0,1,10,15,16,13,3,0,0,5,14,5,5,15,8,0,0,0,0,0,2,15,6,0,0,0,0,0,9,16,0,0,0,0,0,0,9,16,0,0,0,0,0,0,4,16,6,0,0,0,2,3,13,12,0,0,0,0,15,13,7,0,0,0,3
194,0,2,14,16,14,4,0,0,0,4,11,5,13,12,0,0,0,0,0,2,15,7,0,0,0,0,0,4,16,4,0,0,0,0,0,1,13,13,1,0,0,0,0,0,2,16,4,0,0,0,1,3,11,15,2,0,0,1,12,16,9,2,0,0,3
214,0,2,14,16,12,6,0,0,0,1,10,8,14,16,1,0,0,0,0,0,10,15,2,0,0,0,0,2,16,12,0,0,0,0,0,3,16,12,0,0,0,0,0,0,11,16,2,0,0,0,7,10,15,15,2,0,0,3,13,11,7,2,0,0,3
218,0,0,15,16,11,3,0,0,0,0,4,10,15,15,3,0,0,0,0,0,14,16,5,0,0,0,0,5,16,12,0,0,0,0,0,3,16,11,1,0,0,0,0,2,13,16,9,0,0,0,6,15,16,12,3,0,0,0,15,14,7,1,0,0,3
220,0,1,12,12,13,8,1,0,0,0,8,9,15,16,2,0,0,0,0,3,16,10,0,0,0,0,0,7,16,6,0,0,0,0,0,5,16,10,0,0,0,0,0,0,7,16,7,0,0,0,3,8,15,13,2,0,0,2,14,16,10,1,0,0,3
227,0,2,11,16,16,8,1,0,0,2,12,9,9,16,10,0,0,0,0,0,4,16,9,0,0,0,0,2,15,16,0,0,0,0,0,3,16,14,0,0,0,0,0,0,13,16,3,0,0,0,4,11,16,8,0,0,0,3,15,12,4,0,0,0,3
232,0,0,5,11,16,16,8,0,0,0,15,14,8,12,15,0,0,0,0,0,2,14,9,0,0,0,0,0,11,12,1,0,0,0,0,1,16,5,0,0,0,0,0,1,14,9,0,0,0,0,1,4,15,9,0,0,0,0,7,16,11,2,0,0,3
260,0,0,10,16,10,1,0,0,0,6,14,6,16,3,0,0,0,5,4,5,15,0,0,0,0,0,0,12,14,1,0,0,0,0,0,3,11,15,1,0,0,0,0,0,0,10,8,0,0,0,9,8,8,15,6,0,0,0,9,15,15,9,0,0,3
270,0,0,6,15,16,10,0,0,0,3,16,11,15,10,0,0,0,4,10,10,16,4,0,0,0,0,4,16,15,3,0,0,0,0,1,9,16,15,2,0,0,0,0,0,3,16,6,0,0,0,3,9,12,16,5,0,0,0,9,16,16,8,0,0,3
280,0,0,8,14,14,4,0,0,0,5,12,4,7,12,0,0,0,4,2,3,13,5,0,0,0,0,0,16,15,1,0,0,0,0,0,3,9,14,1,0,0,0,0,0,0,7,8,0,0,0,3,4,4,13,7,0,0,0,11,16,15,5,0,0,3
302,0,0,7,15,16,12,0,0,0,4,16,11,12,12,0,0,0,2,7,1,13,11,0,0,0,0,0,13,16,6,0,0,0,0,0,11,15,16,3,0,0,0,0,0,1,15,8,0,0,0,5,16,12,15,8,0,0,0,7,16,16,13,2,0,3
316,0,2,11,16,15,2,0,0,0,12,15,12,16,4,0,0,0,3,3,6,16,2,0,0,0,0,2,15,12,0,0,0,0,0,3,16,16,12,1,0,0,0,0,1,6,15,10,0,0,0,6,12,8,14,11,0,0,1,16,16,16,11,3,0,3
317,0,0,7,14,16,11,0,0,0,2,16,11,11,16,2,0,0,0,3,3,15,9,0,0,0,0,0,10,16,8,0,0,0,0,0,3,14,15,2,0,0,0,0,0,1,16,6,0,0,0,3,12,13,15,2,0,0,0,6,16,12,5,0,0,3
319,0,2,13,16,16,11,0,0,0,10,11,4,12,12,0,0,0,1,1,4,14,8,0,0,0,0,2,16,16,8,0,0,0,0,0,7,9,16,8,0,0,0,0,0,0,10,12,0,0,0,5,9,10,16,9,0,0,0,15,16,13,7,0,0,3
320,0,1,10,16,16,6,0,0,0,7,14,9,12,12,0,0,0,1,1,5,15,5,0,0,0,0,3,16,14,3,0,0,0,0,1,11,14,16,6,0,0,0,0,0,0,12,11,0,0,0,7,8,13,16,5,0,0,0,15,16,12,5,0,0,3
340,0,0,8,14,15,6,0,0,0,4,16,12,14,11,0,0,0,4,8,1,14,7,0,0,0,0,0,14,16,5,0,0,0,0,0,11,16,16,2,0,0,0,0,0,1,15,7,0,0,0,4,11,8,14,7,0,0,0,11,16,16,10,0,0,3
346,0,0,12,16,16,13,1,0,0,4,15,9,12,16,2,0,0,0,2,0,11,15,0,0,0,0,0,12,16,4,0,0,0,0,0,8,16,13,1,0,0,0,0,0,6,16,6,0,0,0,4,6,6,16,6,0,0,0,12,16,16,9,0,0,3
348,0,2,10,14,11,1,0,0,0,7,15,8,16,4,0,0,0,1,1,6,15,1,0,0,0,0,0,15,9,0,0,0,0,0,1,16,15,9,1,0,0,0,0,1,6,15,8,0,0,2,8,4,6,15,7,0,0,2,13,16,15,9,0,0,3
355,0,1,12,16,10,0,0,0,0,7,11,7,14,1,0,0,0,2,2,3,14,0,0,0,0,0,3,14,6,0,0,0,0,0,12,16,16,6,0,0,0,0,2,0,5,15,6,0,0,1,11,4,4,13,8,0,0,2,14,16,16,13,1,0,3
360,0,0,6,13,16,10,0,0,0,4,13,5,4,16,0,0,0,0,0,1,10,8,0,0,0,0,0,12,16,3,0,0,0,0,0,3,7,15,1,0,0,0,0,0,0,9,8,0,0,0,8,6,3,11,7,0,0,0,4,14,16,11,1,0,3
386,0,1,9,15,16,9,0,0,0,6,12,1,2,16,0,0,0,0,1,0,8,14,0,0,0,0,0,10,15,3,0,0,0,0,0,7,15,5,0,0,0,0,0,0,4,13,2,0,0,2,7,4,4,14,3,0,0,0,9,16,16,10,0,0,3
5,0,0,0,1,11,0,0,0,0,0,0,7,8,0,0,0,0,0,1,13,6,2,2,0,0,0,7,15,0,9,8,0,0,5,16,10,0,16,6,0,0,4,15,16,13,16,1,0,0,0,0,3,15,10,0,0,0,0,0,2,16,4,0,0,4
15,0,0,0,8,15,1,0,0,0,0,1,14,13,1,1,0,0,0,10,15,3,15,11,0,0,7,16,7,1,16,8,0,0,9,16,13,14,16,5,0,0,1,10,15,16,14,0,0,0,0,0,1,16,10,0,0,0,0,0,10,15,4,0,0,4
25,0,0,0,0,12,2,0,0,0,0,0,6,14,1,0,0,0,0,4,16,7,8,0,0,0,0,13,9,0,16,6,0,0,6,16,10,11,16,0,0,0,0,5,10,13,16,0,0,0,0,0,0,6,16,0,0,0,0,0,0,12,8,0,0,4
42,0,0,0,9,15,1,0,0,0,0,4,16,12,0,0,0,0,0,15,14,2,11,3,0,0,4,16,9,4,16,10,0,0,9,16,11,13,16,2,0,0,0,9,16,16,14,0,0,0,0,0,8,16,6,0,0,0,0,0,9,16,2,0,0,4
65,0,0,0,6,16,4,0,0,0,0,1,13,15,1,0,0,0,1,11,16,5,0,0,0,0,8,16,10,0,10,6,0,0,12,16,8,9,16,12,0,0,2,15,16,16,16,7,0,0,0,0,4,16,11,0,0,0,0,0,7,16,3,0,0,4
69,0,0,0,9,9,0,0,0,0,0,3,16,9,0,0,0,0,3,14,10,0,2,0,0,0,10,16,5,7,15,1,0,0,2,11,15,16,13,1,0,0,0,0,7,16,3,0,0,0,0,0,6,15,0,0,0,0,0,0,4,16,5,0,0,4
88,0,0,0,9,16,4,0,0,0,1,9,16,13,2,0,0,0,14,16,14,8,0,0,0,1,15,15,5,16,9,0,0,0,5,16,16,16,8,0,0,0,0,2,13,16,1,0,0,0,0,0,11,13,0,0,0,0,0,0,11,13,0,0,0,4
98,0,0,0,3,14,1,0,0,0,0,0,13,12,1,0,0,0,0,7,16,5,3,0,0,0,3,15,11,5,16,2,0,0,5,16,11,11,16,6,0,0,0,6,12,16,13,3,0,0,0,0,1,15,7,0,0,0,0,0,2,16,7,0,0,4
101,0,0,0,2,13,0,0,0,0,0,0,8,15,0,0,0,0,0,5,16,5,2,0,0,0,0,15,12,1,16,4,0,0,4,16,2,9,16,8,0,0,0,10,14,16,16,4,0,0,0,0,0,13,8,0,0,0,0,0,0,13,6,0,0,4
111,0,0,0,10,15,0,0,0,0,0,11,15,3,0,0,0,0,7,15,4,0,0,0,0,0,12,11,1,3,8,2,0,0,4,12,15,15,16,9,0,0,0,0,8,16,8,2,0,0,0,0,10,12,0,0,0,0,0,0,12,9,0,0,0,4
112,0,0,1,10,9,0,0,0,0,0,9,15,4,0,0,0,0,1,16,5,0,0,0,0,0,4,16,1,4,14,4,0,0,4,16,12,14,16,5,0,0,0,1,7,16,9,0,0,0,0,0,2,16,4,0,0,0,0,0,10,13,0,0,0,4
122,0,0,0,12,13,0,0,0,0,0,5,16,10,0,0,0,0,6,16,13,11,12,2,0,0,12,16,10,15,16,9,0,0,4,14,16,16,12,4,0,0,0,0,14,13,0,0,0,0,0,0,14,12,0,0,0,0,0,0,11,13,0,0,0,4
125,0,0,0,8,14,0,0,0,0,0,5,16,11,0,0,0,0,1,15,14,1,6,0,0,0,7,16,5,3,16,8,0,0,8,16,8,14,16,2,0,0,0,6,14,16,11,0,0,0,0,0,6,16,4,0,0,0,0,0,10,15,0,0,0,4
135,0,0,0,3,16,3,0,0,0,0,0,12,16,2,0,0,0,0,8,16,16,4,0,0,0,7,16,15,16,12,11,0,0,8,16,16,16,13,3,0,0,0,0,7,14,1,0,0,0,0,0,6,16,0,0,0,0,0,0,4,14,0,0,0,4
145,0,0,0,5,14,0,0,0,0,0,1,15,13,0,0,0,0,0,9,16,13,0,0,0,0,5,16,15,13,0,0,0,0,8,16,16,16,15,9,0,0,0,4,10,14,8,5,0,0,0,0,8,12,0,0,0,0,0,0,7,10,0,0,0,4
155,0,0,0,3,16,3,0,0,0,0,0,10,16,11,0,0,0,0,4,16,16,8,0,0,0,2,14,12,16,5,0,0,0,10,16,14,16,16,11,0,0,5,12,13,16,8,3,0,0,0,0,2,15,3,0,0,0,0,0,4,12,0,0,0,4
172,0,0,0,8,13,0,0,0,0,0,1,16,16,0,0,0,0,0,7,16,16,0,0,0,0,1,15,16,16,0,0,0,0,6,16,15,16,9,2,0,0,6,15,16,16,16,11,0,0,0,0,11,16,0,0,0,0,0,0,10,14,0,0,0,4
195,0,0,0,0,11,5,0,0,0,0,0,8,16,2,0,0,0,0,4,15,16,3,0,0,0,0,12,6,16,3,0,0,0,5,15,0,15,5,3,0,0,6,16,16,16,11,4,0,0,0,0,0,14,0,0,0,0,0,0,0,12,2,0,0,4
199,0,0,0,2,15,4,0,0,0,0,0,8,15,1,0,0,0,0,1,14,12,0,0,0,0,0,6,16,12,0,0,0,0,0,13,16,15,4,2,0,0,9,16,16,16,16,11,0,0,3,8,8,16,3,0,0,0,0,0,3,15,0,0,0,4
226,0,0,0,7,15,1,0,0,0,0,0,15,16,1,0,0,0,0,9,16,16,2,0,0,0,2,16,16,16,0,0,0,0,10,16,16,16,16,8,0,0,8,15,15,14,8,5,0,0,0,0,11,12,0,0,0,0,0,0,6,15,1,0,0,4
229,0,0,0,2,15,8,0,0,0,0,0,11,16,4,0,0,0,0,9,16,16,0,0,0,0,3,15,16,16,0,0,0,0,12,16,16,16,14,6,0,0,6,12,14,16,12,5,0,0,0,0,8,13,0,0,0,0,0,0,2,14,1,0,0,4
239,0,0,0,3,13,1,0,0,0,0,0,8,16,3,0,0,0,0,1,15,16,4,0,0,0,0,8,16,16,1,0,0,0,2,16,14,16,5,1,0,0,11,16,16,16,16,10,0,0,5,8,11,16,4,1,0,0,0,0,2,16,2,0,0,4
240,0,0,0,0,15,9,0,0,0,0,0,8,16,5,0,0,0,0,1,16,16,5,0,0,0,0,11,16,16,1,1,0,0,6,16,16,16,15,9,0,0,7,15,16,16,10,1,0,0,0,1,7,16,1,0,0,0,0,0,1,15,5,0,0,4
248,0,0,0,0,13,11,0,0,0,0,0,8,16,5,0,0,0,0,3,15,16,4,0,0,0,0,8,15,16,10,1,0,0,4,16,14,16,16,11,0,0,7,16,13,15,14,3,0,0,0,0,0,16,11,0,0,0,0,0,0,12,11,0,0,4
251,0,0,0,5,16,3,0,0,0,0,1,15,16,4,0,0,0,0,10,16,16,1,0,0,0,3,16,16,15,4,2,0,0,10,16,16,16,16,12,0,0,1,7,14,13,6,5,0,0,0,0,11,12,0,0,0,0,0,0,4,10,0,0,0,4
261,0,0,0,12,4,0,0,0,0,0,6,15,2,0,0,0,0,0,16,5,0,4,4,0,0,4,15,2,3,15,9,0,0,2,15,16,16,16,4,0,0,0,2,8,16,8,0,0,0,0,0,8,15,0,0,0,0,0,0,11,9,0,0,0,4
271,0,0,0,13,12,0,0,0,0,0,6,16,7,0,0,0,0,0,15,15,1,1,4,0,0,6,16,10,9,15,14,0,0,9,16,16,16,16,4,0,0,2,8,12,16,9,0,0,0,0,0,13,16,0,0,0,0,0,0,14,15,1,0,0,4
281,0,0,1,11,3,0,0,0,0,0,9,16,0,0,0,0,0,1,16,5,0,1,2,0,0,6,16,2,1,13,10,0,0,7,16,9,15,13,0,0,0,2,9,12,16,1,0,0,0,0,0,14,9,0,0,0,0,0,2,16,7,0,0,0,4
298,0,0,0,7,10,0,0,0,0,0,3,15,5,0,0,0,0,0,11,11,0,2,2,0,0,5,14,2,1,13,7,0,0,7,15,2,8,16,3,0,0,3,14,16,16,8,0,0,0,0,0,7,16,0,0,0,0,0,0,6,16,2,0,0,4
321,0,0,1,14,8,0,0,0,0,0,8,16,4,0,0,0,0,1,16,9,0,1,5,0,0,8,16,5,1,12,15,0,0,10,16,12,11,16,6,0,0,3,14,16,16,8,0,0,0,0,0,11,16,1,0,0,0,0,0,13,14,0,0,0,4
325,0,0,4,16,6,0,0,0,0,0,12,15,1,0,0,0,0,1,16,11,0,0,0,0,0,8,16,3,0,7,4,0,0,12,16,6,11,16,7,0,0,7,16,16,15,3,0,0,0,0,4,16,10,0,0,0,0,0,4,16,6,0,0,0,4
344,0,0,2,13,13,0,0,0,0,0,9,16,6,0,0,0,0,0,14,16,2,0,4,0,0,5,16,10,1,13,15,0,0,7,16,16,16,16,4,0,0,0,8,15,16,8,0,0,0,0,0,14,10,0,0,0,0,0,1,16,11,0,0,0,4
354,0,0,0,9,11,0,0,0,0,0,2,15,8,0,0,0,0,0,11,15,1,3,8,0,0,6,16,4,0,14,12,0,0,12,16,4,11,16,5,0,0,9,16,16,16,11,0,0,0,0,6,11,16,7,0,0,0,0,0,10,16,4,0,0,4
357,0,0,2,15,12,0,0,0,0,0,9,16,5,0,2,0,0,2,15,10,0,11,16,1,0,10,16,4,6,16,10,0,0,6,16,16,16,15,1,0,0,0,6,13,16,4,0,0,0,0,0,15,13,0,0,0,0,0,6,16,5,0,0,0,4
367,0,0,0,10,14,0,0,0,0,0,1,16,10,0,0,0,0,0,10,16,1,0,0,0,0,4,16,8,0,3,5,0,0,10,15,0,2,15,10,0,0,12,16,14,16,13,1,0,0,2,11,14,16,3,0,0,0,0,0,8,16,2,0,0,4
368,0,0,0,7,12,0,0,0,0,0,3,14,6,0,0,0,0,0,11,8,0,0,1,0,0,4,16,3,1,10,10,0,0,8,16,12,14,13,3,0,0,2,12,10,16,5,0,0,0,0,0,6,16,0,0,0,0,0,0,6,13,0,0,0,4
378,0,0,1,15,7,0,0,0,0,0,6,16,3,0,0,0,0,1,16,10,0,1,3,0,0,5,16,3,1,12,15,0,0,11,16,8,14,15,3,0,0,6,16,16,16,5,0,0,0,0,1,14,11,0,0,0,0,0,2,16,12,0,0,0,4
381,0,0,0,6,16,2,0,0,0,0,2,15,15,0,0,0,0,0,15,16,3,2,3,0,0,7,16,7,3,15,11,0,0,7,16,14,14,16,5,0,0,1,7,12,16,10,0,0,0,0,0,7,16,4,0,0,0,0,0,10,15,0,0,0,4
391,0,0,0,2,13,1,0,0,0,0,0,9,15,2,0,0,0,0,4,16,16,8,0,0,0,0,12,9,14,6,0,0,0,5,14,0,13,7,1,0,0,9,15,12,16,16,4,0,0,2,8,9,16,10,1,0,0,0,0,1,13,2,0,0,4
401,0,0,0,11,4,0,0,0,0,0,1,16,4,3,0,0,0,0,10,9,16,4,0,0,0,2,14,5,16,2,0,0,0,8,13,7,16,11,2,0,0,10,16,16,16,14,1,0,0,0,0,11,13,0,0,0,0,0,0,11,7,0,0,0,4
6,0,0,12,10,0,0,0,0,0,0,14,16,16,14,0,0,0,0,13,16,15,10,1,0,0,0,11,16,16,7,0,0,0,0,0,4,7,16,7,0,0,0,0,0,4,16,9,0,0,0,5,4,12,16,4,0,0,0,9,16,16,10,0,0,5
16,0,5,12,13,16,16,2,0,0,11,16,15,8,4,0,0,0,8,14,11,1,0,0,0,0,8,16,16,14,0,0,0,0,1,6,6,16,0,0,0,0,0,0,5,16,3,0,0,0,1,5,15,13,0,0,0,0,4,15,16,2,0,0,0,5
26,0,0,12,8,8,7,0,0,0,3,16,16,11,7,0,0,0,2,14,1,0,0,0,0,0,5,14,5,0,0,0,0,0,2,15,16,9,0,0,0,0,0,0,2,16,2,0,0,0,0,4,8,16,4,0,0,0,0,11,14,9,0,0,0,5
33,0,2,13,16,16,16,11,0,0,5,16,10,5,4,1,0,0,6,16,7,3,0,0,0,0,9,16,16,16,6,0,0,0,3,8,4,11,15,0,0,0,0,0,1,12,15,0,0,0,0,4,13,16,6,0,0,0,2,16,15,8,0,0,0,5
34,0,6,13,5,8,8,1,0,0,8,16,16,16,16,6,0,0,6,16,9,6,4,0,0,0,6,16,16,15,5,0,0,0,0,4,5,15,12,0,0,0,0,0,3,16,9,0,0,0,1,8,13,15,3,0,0,0,4,16,15,3,0,0,0,5
36,0,3,15,8,8,6,0,0,0,4,16,16,16,13,2,0,0,3,16,9,2,0,0,0,0,2,16,16,15,3,0,0,0,0,7,6,12,9,0,0,0,0,0,1,14,10,0,0,0,0,5,14,15,2,0,0,0,1,15,14,1,0,0,0,5
47,0,1,15,4,0,0,0,0,0,2,16,16,16,14,2,0,0,6,16,11,8,8,3,0,0,5,16,11,5,0,0,0,0,0,11,14,14,1,0,0,0,0,0,5,16,7,0,0,0,0,6,16,16,4,0,0,0,0,14,14,4,0,0,0,5
72,0,1,13,15,12,12,5,0,0,4,16,8,8,6,0,0,0,7,13,0,0,0,0,0,0,8,15,13,15,7,0,0,0,1,6,5,8,12,0,0,0,0,0,0,12,11,0,0,0,0,2,13,14,1,0,0,0,3,14,10,1,0,0,0,5
75,0,0,13,13,8,2,0,0,0,5,16,16,16,12,0,0,0,1,15,12,0,0,0,0,0,0,12,13,7,1,0,0,0,0,8,16,16,12,0,0,0,0,0,4,9,16,3,0,0,0,1,5,14,15,1,0,0,0,10,16,16,6,0,0,5
103,0,0,12,16,16,8,0,0,0,3,16,13,8,5,0,0,0,2,16,3,0,0,0,0,0,0,16,13,9,0,0,0,0,0,10,16,16,7,0,0,0,0,0,1,10,13,0,0,0,0,2,11,16,10,0,0,0,0,11,16,12,0,0,0,5
110,0,0,15,16,16,12,2,0,0,2,16,15,12,12,3,0,0,4,16,8,0,0,0,0,0,8,16,12,4,0,0,0,0,0,12,16,16,0,0,0,0,0,0,3,16,8,0,0,0,2,6,9,16,8,0,0,0,1,15,16,15,3,0,0,5
118,0,2,15,16,16,14,2,0,0,3,16,14,9,10,1,0,0,7,16,6,0,0,0,0,0,3,14,15,6,0,0,0,0,0,1,13,12,0,0,0,0,0,0,8,16,0,0,0,0,0,9,16,11,0,0,0,0,3,16,13,1,0,0,0,5
121,0,0,6,13,2,0,0,0,0,4,16,16,16,11,0,0,0,0,12,11,1,6,1,0,0,0,12,14,10,2,0,0,0,0,1,8,12,12,0,0,0,0,0,0,9,14,0,0,0,0,4,9,16,5,0,0,0,0,9,14,4,0,0,0,5
136,0,4,16,16,16,10,3,0,0,12,16,9,8,12,3,0,0,10,16,2,0,0,0,0,0,3,16,12,0,0,0,0,0,0,7,16,9,0,0,0,0,0,0,12,16,1,0,0,0,3,10,15,15,1,0,0,0,4,16,13,3,0,0,0,5
146,0,4,15,16,16,16,4,0,0,4,16,15,9,7,1,0,0,0,15,14,1,0,0,0,0,0,5,16,9,0,0,0,0,0,0,14,16,0,0,0,0,0,0,9,16,5,0,0,0,3,10,13,16,4,0,0,0,5,16,16,12,0,0,0,5
156,0,2,14,16,16,13,5,0,0,7,16,13,8,8,1,0,0,10,15,0,0,0,0,0,0,10,16,0,0,0,0,0,0,7,16,6,0,0,0,0,0,1,12,16,8,0,0,0,0,1,8,16,10,0,0,0,0,3,16,15,1,0,0,0,5
163,0,5,16,16,16,11,1,0,0,4,16,15,10,8,1,0,0,4,16,12,0,0,0,0,0,1,13,16,5,0,0,0,0,0,6,16,13,0,0,0,0,0,0,10,16,4,0,0,0,0,4,13,16,2,0,0,0,2,15,16,9,0,0,0,5
164,0,6,16,16,16,15,10,0,0,9,16,13,8,6,5,0,0,12,16,1,0,0,0,0,0,10,16,7,0,0,0,0,0,3,15,15,3,0,0,0,0,0,3,16,13,0,0,0,0,1,5,16,9,0,0,0,0,9,16,11,0,0,0,0,5
166,0,2,15,16,16,13,2,0,0,7,16,13,8,8,3,0,0,4,16,4,0,0,0,0,0,0,16,11,0,0,0,0,0,0,12,16,3,0,0,0,0,0,2,13,11,0,0,0,0,3,8,15,8,0,0,0,0,2,15,15,1,0,0,0,5
177,0,7,16,16,16,11,2,0,0,5,16,12,8,6,1,0,0,9,16,1,0,0,0,0,0,2,16,15,3,0,0,0,0,0,5,16,14,1,0,0,0,0,0,2,16,10,0,0,0,1,7,13,16,3,0,0,0,4,15,16,6,0,0,0,5
202,0,2,16,16,16,14,5,0,0,9,16,11,6,8,3,0,0,9,16,2,0,0,0,0,0,3,16,13,1,0,0,0,0,0,8,16,12,0,0,0,0,0,0,12,16,4,0,0,0,0,1,11,16,6,0,0,0,4,16,16,8,0,0,0,5
205,0,4,16,16,16,16,5,0,0,11,16,8,5,8,3,0,0,10,16,2,0,0,0,0,0,3,16,6,0,0,0,0,0,0,16,9,0,0,0,0,0,0,12,16,2,0,0,0,0,0,6,16,11,0,0,0,0,4,16,12,1,0,0,0,5
231,0,3,15,13,12,8,1,0,0,4,16,14,12,12,2,0,0,0,16,4,0,0,0,0,0,0,12,9,0,0,0,0,0,0,7,16,3,0,0,0,0,0,0,14,8,0,0,0,0,0,5,15,10,0,0,0,0,2,15,16,2,0,0,0,5
238,0,0,13,16,12,7,0,0,0,4,16,15,12,12,3,0,0,4,16,5,0,0,0,0,0,3,16,9,0,0,0,0,0,0,15,16,2,0,0,0,0,0,4,16,14,0,0,0,0,1,9,14,16,0,0,0,0,1,13,16,10,0,0,0,5
246,0,3,11,15,12,7,1,0,0,4,16,13,11,9,6,0,0,4,15,0,0,0,0,0,0,3,16,8,0,0,0,0,0,0,11,16,8,0,0,0,0,0,0,13,12,0,0,0,0,1,7,16,3,0,0,0,0,5,13,6,0,0,0,0,5
247,0,4,13,9,8,3,0,0,0,5,16,14,12,12,6,0,0,8,16,1,0,0,0,0,0,3,16,11,1,0,0,0,0,0,8,16,9,0,0,0,0,0,0,10,16,0,0,0,0,1,1,12,14,0,0,0,0,4,14,14,3,0,0,0,5
262,0,0,6,8,12,14,0,0,0,5,16,15,12,7,0,0,0,8,16,13,4,0,0,0,0,2,11,8,14,11,0,0,0,0,0,0,0,15,1,0,0,0,0,0,0,14,5,0,0,1,9,8,12,14,1,0,0,0,10,15,12,3,0,0,5
272,0,0,15,16,16,15,9,0,0,6,16,13,12,12,11,2,0,3,15,14,2,0,0,0,0,0,6,16,5,0,0,0,0,0,0,14,11,0,0,0,0,0,0,12,8,0,0,0,0,1,14,14,10,0,0,0,0,0,13,16,3,0,0,0,5
282,0,0,11,7,12,15,1,0,0,1,16,14,9,6,0,0,0,8,12,0,0,0,0,0,0,5,14,15,15,5,0,0,0,1,6,4,10,9,0,0,0,0,0,0,4,11,0,0,0,0,10,4,13,8,0,0,0,0,12,16,10,1,0,0,5
289,0,0,6,8,8,13,3,0,0,1,14,14,12,9,3,0,0,4,16,8,2,0,0,0,0,4,16,13,15,7,0,0,0,0,0,0,3,15,0,0,0,0,0,0,3,15,0,0,0,0,6,8,13,8,0,0,0,0,9,15,8,0,0,0,5
290,0,0,3,8,9,9,0,0,0,6,16,12,8,5,0,0,0,11,13,0,0,0,0,0,0,9,16,10,5,0,0,0,0,0,3,8,13,10,1,0,0,0,0,0,0,10,7,0,0,0,5,2,4,13,8,0,0,0,7,16,14,8,0,0,5
292,0,1,5,11,15,4,0,0,0,8,16,13,6,2,0,0,0,11,7,0,0,0,0,0,0,11,16,16,11,2,0,0,0,0,4,4,5,12,3,0,0,0,0,0,0,5,11,0,0,0,1,6,0,10,11,0,0,0,2,12,16,15,2,0,5
303,0,0,6,14,14,13,11,0,0,0,14,12,5,4,2,0,0,3,16,16,4,0,0,0,0,2,11,11,16,3,0,0,0,0,0,0,7,10,0,0,0,0,0,0,1,11,0,0,0,0,3,7,12,8,0,0,0,0,7,14,11,1,0,0,5
328,0,0,2,10,16,4,0,0,1,10,16,16,15,4,0,0,0,16,16,10,1,0,0,0,0,15,16,16,7,0,0,0,0,5,11,5,15,2,0,0,0,0,0,0,11,9,0,0,0,0,3,10,16,9,0,0,0,0,2,16,15,2,0,0,5
331,0,0,5,8,12,16,4,0,0,3,16,11,7,1,0,0,0,3,14,6,4,0,0,0,0,5,16,12,14,6,0,0,0,0,2,0,4,12,0,0,0,0,0,0,4,10,0,0,0,0,6,8,14,7,0,0,0,0,7,13,7,0,0,0,5
359,0,0,5,11,16,12,0,0,0,0,16,12,4,3,0,0,0,4,16,6,3,0,0,0,0,4,15,16,16,9,0,0,0,0,0,0,3,16,6,0,0,0,0,0,0,11,6,0,0,0,0,1,8,15,1,0,0,0,6,16,13,1,0,0,5
366,0,2,12,13,16,15,1,0,0,8,16,14,11,7,0,0,0,8,16,7,0,0,0,0,0,7,16,16,11,1,0,0,0,0,2,6,15,9,0,0,0,0,0,0,9,15,0,0,0,0,1,7,16,11,0,0,0,1,16,16,13,1,0,0,5
374,0,0,7,11,12,14,2,0,0,8,16,9,4,3,0,0,0,10,15,5,0,0,0,0,0,3,12,16,14,4,0,0,0,0,0,2,13,16,2,0,0,0,0,0,0,15,9,0,0,0,2,4,8,15,9,0,0,0,10,16,13,8,0,0,5
377,0,4,10,15,16,16,14,0,0,11,16,14,8,5,2,0,0,6,16,8,0,0,0,0,0,0,10,15,1,0,0,0,0,0,2,16,5,0,0,0,0,0,0,13,10,0,0,0,0,5,10,14,10,0,0,0,0,3,16,15,3,0,0,0,5
392,0,0,12,13,12,12,12,0,0,0,16,13,12,11,11,0,0,0,16,13,11,2,0,0,0,3,16,14,16,7,0,0,0,0,0,0,11,11,0,0,0,0,0,0,8,11,0,0,0,1,14,11,15,9,0,0,0,0,10,14,12,0,0,0,5
7,0,0,0,12,13,0,0,0,0,0,5,16,8,0,0,0,0,0,13,16,3,0,0,0,0,0,14,13,0,0,0,0,0,0,15,12,7,2,0,0,0,0,13,16,13,16,3,0,0,0,7,16,11,15,8,0,0,0,1,9,15,11,3,0,6
17,0,0,0,8,15,1,0,0,0,0,0,12,14,0,0,0,0,0,3,16,7,0,0,0,0,0,6,16,2,0,0,0,0,0,7,16,16,13,5,0,0,0,15,16,9,9,14,0,0,0,3,14,9,2,16,2,0,0,0,7,15,16,11,0,6
27,0,0,1,13,14,3,0,0,0,0,8,16,13,2,0,0,0,2,16,16,3,0,0,0,0,3,16,12,1,0,0,0,0,5,16,14,5,0,0,0,0,3,16,16,16,16,6,0,0,1,14,16,16,16,12,0,0,0,3,12,15,14,7,0,6
35,0,0,0,5,14,2,0,0,0,0,1,13,11,0,0,0,0,0,5,16,2,0,0,0,0,0,6,15,5,0,0,0,0,1,15,16,15,11,1,0,0,2,13,14,1,12,9,0,0,0,4,16,7,13,9,0,0,0,0,5,16,15,3,0,6
59,0,0,0,10,13,1,0,0,0,1,11,12,7,0,0,0,0,2,16,12,0,0,0,0,0,4,16,11,0,0,0,0,0,4,16,15,8,4,0,0,0,4,16,16,13,16,6,0,0,0,7,16,7,13,14,0,0,0,0,7,15,15,5,0,6
66,0,0,0,9,10,0,0,0,0,0,7,16,7,0,0,0,0,0,13,13,1,0,0,0,0,0,15,7,0,0,0,0,0,4,16,15,12,7,0,0,0,2,16,12,4,11,10,0,0,0,8,14,5,9,14,0,0,0,0,6,12,14,9,0,6
67,0,0,0,10,11,0,0,0,0,0,9,16,6,0,0,0,0,0,15,13,0,0,0,0,0,0,14,10,0,0,0,0,0,1,15,12,8,2,0,0,0,0,12,16,16,16,10,1,0,0,7,16,12,12,16,4,0,0,0,9,15,12,5,0,6
68,0,0,5,14,0,0,0,0,0,0,12,9,0,0,0,0,0,0,15,3,0,0,0,0,0,1,16,0,0,0,0,0,0,1,16,2,7,4,0,0,0,3,16,16,16,16,9,0,0,0,15,15,4,10,16,0,0,0,4,14,16,12,7,0,6
83,0,0,0,10,15,3,0,0,0,0,7,16,11,0,0,0,0,0,13,15,1,0,0,0,0,0,15,11,0,0,0,0,0,0,16,13,8,1,0,0,0,0,15,16,16,15,6,0,0,0,10,16,14,16,14,2,0,0,1,9,15,16,11,0,6
89,0,0,0,10,11,0,0,0,0,0,3,16,10,0,0,0,0,0,8,16,0,0,0,0,0,0,12,14,0,0,0,0,0,0,14,16,15,6,0,0,0,0,12,16,12,15,6,0,0,0,7,16,10,13,14,0,0,0,0,9,13,11,6,0,6
96,0,0,0,11,16,8,0,0,0,0,6,16,13,3,0,0,0,0,8,16,8,0,0,0,0,0,13,16,2,0,0,0,0,0,15,16,5,0,0,0,0,2,16,16,16,5,0,0,0,1,10,16,16,14,0,0,0,0,0,12,16,15,0,0,6
105,0,0,0,8,14,4,0,0,0,0,7,16,7,0,0,0,0,0,14,10,0,0,0,0,0,1,16,6,0,0,0,0,0,3,16,16,10,0,0,0,0,2,16,12,14,6,0,0,0,0,12,15,11,10,0,0,0,0,0,10,13,8,0,0,6
107,0,0,0,5,11,1,0,0,0,0,0,14,14,2,0,0,0,0,5,16,5,0,0,0,0,0,8,15,2,0,0,0,0,0,10,13,0,0,0,0,0,0,14,16,16,8,0,0,0,0,6,16,9,15,6,0,0,0,0,6,14,16,8,0,6
137,0,0,2,15,4,0,0,0,0,0,11,13,0,0,0,0,0,0,16,6,0,0,0,0,0,3,16,7,0,0,0,0,0,4,16,16,15,5,0,0,0,4,16,5,3,13,7,0,0,1,14,9,0,8,13,0,0,0,2,13,16,16,8,0,6
147,0,0,0,6,14,1,0,0,0,0,2,16,10,0,0,0,0,0,11,15,2,0,0,0,0,0,13,13,8,5,0,0,0,2,16,14,12,16,3,0,0,1,16,11,0,5,12,0,0,0,11,15,5,12,12,0,0,0,0,9,15,14,6,0,6
157,0,0,0,16,7,0,0,0,0,0,6,16,4,0,0,0,0,0,11,15,0,0,0,0,0,0,12,12,0,0,0,0,0,0,15,16,16,8,0,0,0,0,12,16,13,15,8,0,0,0,12,16,7,13,15,0,0,0,1,11,16,15,9,0,6
165,0,0,5,13,1,0,0,0,0,0,12,13,0,0,0,0,0,0,16,8,0,0,0,0,0,5,16,2,0,0,0,0,0,4,16,8,15,9,1,0,0,4,16,16,12,15,11,0,0,1,15,14,4,14,11,0,0,0,5,14,14,10,1,0,6
189,0,0,4,14,6,0,0,0,0,0,10,15,2,0,0,0,0,0,16,11,0,0,0,0,0,0,13,11,0,0,0,0,0,3,16,12,8,3,0,0,0,2,16,14,8,12,9,0,0,0,16,13,4,12,12,0,0,0,6,15,16,12,1,0,6
196,0,0,0,6,14,3,0,0,0,0,2,16,11,0,0,0,0,0,11,15,2,0,0,0,0,1,15,13,2,0,0,0,0,3,16,16,16,7,0,0,0,4,16,14,8,13,7,0,0,0,12,16,5,12,10,0,0,0,0,8,14,13,5,0,6
197,0,0,1,14,6,0,0,0,0,0,7,16,1,0,0,0,0,0,13,10,0,0,0,0,0,0,14,7,0,0,0,0,0,3,16,10,8,3,0,0,0,0,16,13,12,14,7,0,0,0,14,9,4,11,13,0,0,0,2,12,16,12,4,0,6
198,0,0,2,14,11,0,0,0,0,0,10,16,1,0,0,0,0,1,16,9,0,0,0,0,0,4,16,5,0,0,0,0,0,5,16,12,12,11,1,0,0,4,16,14,10,14,11,0,0,2,15,10,6,16,10,0,0,0,3,15,16,10,1,0,6
213,0,0,3,14,3,0,0,0,0,0,13,13,0,0,0,0,0,0,16,7,0,0,0,0,0,5,16,3,0,0,0,0,0,3,16,7,4,2,0,0,0,4,16,16,16,16,7,0,0,1,14,15,4,11,15,0,0,0,5,14,16,12,6,0,6
224,0,0,0,8,12,1,0,0,0,0,1,15,12,1,0,0,0,0,6,16,3,0,0,0,0,0,7,16,1,0,0,0,0,1,16,16,14,5,0,0,0,1,12,16,6,14,9,0,0,0,2,16,6,10,15,0,0,0,0,6,16,16,11,0,6
233,0,0,0,11,14,0,0,0,0,0,10,16,4,0,0,0,0,1,15,11,0,0,0,0,0,3,16,12,8,2,0,0,0,7,16,16,12,14,3,0,0,4,16,8,0,10,9,0,0,1,12,15,9,14,10,0,0,0,2,10,13,11,1,0,6
235,0,0,3,15,4,0,0,0,0,0,12,16,2,0,0,0,0,1,16,7,1,0,0,0,0,3,16,1,6,1,0,0,0,3,15,8,12,13,3,0,0,2,16,2,0,7,12,0,0,0,13,9,4,9,15,0,0,0,3,13,16,15,5,0,6
263,0,0,3,13,6,0,0,0,0,0,10,15,2,0,0,0,0,2,15,3,0,0,0,0,0,4,14,0,0,0,0,0,0,4,14,14,16,13,2,0,0,3,16,9,1,4,12,0,0,0,14,10,5,11,11,0,0,0,3,13,15,8,0,0,6
273,0,0,0,13,9,0,0,0,0,0,8,15,5,0,0,0,0,0,14,8,0,0,0,0,0,2,16,3,0,2,0,0,0,0,16,13,16,16,6,0,0,1,16,11,4,7,12,0,0,0,11,12,5,13,9,0,0,0,1,12,15,11,2,0,6
283,0,0,4,12,1,0,0,0,0,0,14,13,0,0,0,0,0,2,16,3,0,0,0,0,0,7,13,0,0,0,0,0,0,7,12,7,12,6,2,0,0,4,15,15,12,13,11,0,0,1,13,16,5,11,12,0,0,0,5,13,16,11,1,0,6
291,0,0,0,8,15,2,0,0,0,0,6,16,5,0,0,0,0,0,12,8,0,0,0,0,0,0,13,6,0,0,0,0,0,0,12,12,16,14,0,0,0,0,14,15,6,8,11,0,0,3,12,14,5,10,13,0,0,0,0,9,16,13,5,0,6
315,0,0,3,12,3,0,0,0,0,0,13,14,2,0,0,0,0,3,10,0,0,0,0,0,0,0,0,3,5,3,0,0,0,4,10,16,16,16,4,0,0,6,16,4,0,8,9,0,0,0,15,12,4,9,12,0,0,0,2,13,16,14,4,0,6
322,0,0,2,12,8,0,0,0,0,0,12,13,5,0,0,0,0,1,16,1,0,0,0,0,0,2,14,0,0,0,0,0,0,2,16,5,10,10,4,0,0,0,16,14,8,6,13,0,0,0,13,9,2,4,14,0,0,0,3,10,16,16,7,0,6
323,0,0,2,13,13,1,0,0,0,0,9,13,5,0,0,0,0,0,13,5,0,0,0,0,0,0,15,2,0,0,0,0,0,0,15,10,9,9,2,0,0,0,16,11,8,11,12,0,0,1,14,11,1,4,13,0,0,0,3,11,16,15,4,0,6
324,0,0,1,13,4,0,0,0,0,0,5,15,2,0,0,0,0,0,12,7,0,0,0,0,0,0,14,6,0,0,0,0,0,0,16,12,15,15,7,0,0,0,14,14,6,4,14,1,0,0,9,14,3,4,14,2,0,0,1,7,14,16,11,0,6
339,0,0,0,4,15,1,0,0,0,0,0,13,8,1,0,0,0,0,6,12,0,0,0,0,0,0,8,10,0,0,0,0,0,0,13,12,11,10,0,0,0,4,16,15,8,11,10,0,0,1,7,15,4,3,12,0,0,0,0,7,15,16,8,0,6
345,0,0,3,11,0,0,0,0,0,0,12,11,0,0,0,0,0,1,14,1,0,0,0,0,0,2,15,0,0,0,0,0,0,4,15,15,16,15,2,0,0,1,16,8,4,8,11,0,0,1,16,11,7,10,12,0,0,0,5,10,12,15,7,0,6
352,0,0,0,11,16,2,0,0,0,0,7,16,8,2,0,0,0,0,15,7,0,0,0,0,0,0,16,4,3,1,0,0,0,1,16,16,16,16,4,0,0,0,14,12,4,6,12,0,0,0,10,16,5,10,15,0,0,0,2,11,16,12,8,0,6
361,0,0,1,13,7,0,0,0,0,0,7,14,2,0,0,0,0,0,13,5,0,0,0,0,0,0,16,3,0,0,0,0,0,3,16,10,12,12,3,0,0,3,16,11,5,9,12,0,0,1,13,11,4,13,11,0,0,0,1,12,16,11,2,0,6
363,0,0,1,10,14,0,0,0,0,0,8,14,11,3,0,0,0,0,16,2,2,0,0,0,0,3,13,0,0,0,0,0,0,4,13,0,6,10,3,0,0,3,15,13,12,10,12,0,0,0,10,16,4,5,14,0,0,0,0,9,15,14,9,0,6
393,0,0,1,11,14,0,0,0,0,0,9,16,12,0,0,0,0,1,16,7,0,0,0,0,0,7,16,5,5,4,0,0,0,7,16,16,16,16,5,0,0,0,16,13,4,13,7,0,0,0,9,16,14,16,4,0,0,0,1,11,14,9,0,0,6
403,0,0,2,11,13,4,0,0,0,0,12,16,13,15,0,0,0,0,16,9,1,3,0,0,0,4,16,6,14,9,1,0,0,7,16,16,16,16,6,0,0,1,16,14,4,16,8,0,0,0,12,16,13,16,2,0,0,0,2,10,16,7,0,0,6
8,0,0,7,8,13,16,15,1,0,0,7,7,4,11,12,0,0,0,0,0,8,13,1,0,0,4,8,8,15,15,6,0,0,2,11,15,15,4,0,0,0,0,0,16,5,0,0,0,0,0,9,15,1,0,0,0,0,0,13,5,0,0,0,0,7
18,0,0,1,8,15,10,0,0,0,3,13,15,14,14,0,0,0,5,10,0,10,12,0,0,0,0,3,5,15,10,2,0,0,0,16,16,16,16,12,0,0,1,8,12,14,8,3,0,0,0,0,10,13,0,0,0,0,0,0,11,9,0,0,0,7
28,0,0,0,8,14,14,2,0,0,0,0,6,10,15,11,0,0,0,0,0,0,14,10,0,0,2,8,11,12,16,8,0,0,8,16,16,16,16,7,0,0,0,0,0,11,15,1,0,0,0,0,9,16,7,0,0,0,0,0,12,13,1,0,0,7
44,0,0,0,9,15,12,0,0,0,0,4,7,7,14,0,0,0,0,0,0,0,13,3,0,0,4,9,8,10,13,1,0,0,4,16,15,16,16,6,0,0,0,0,0,14,3,0,0,0,0,0,9,12,0,0,0,0,0,0,11,7,0,0,0,7
45,0,0,9,16,16,16,5,0,0,1,14,10,8,16,8,0,0,0,0,0,7,16,3,0,0,3,8,11,15,16,11,0,0,8,16,16,15,11,3,0,0,0,2,16,7,0,0,0,0,0,8,16,1,0,0,0,0,0,13,10,0,0,0,0,7
53,0,0,3,12,16,16,6,0,0,0,10,11,7,16,11,0,0,0,0,0,2,14,10,0,0,5,11,8,9,16,3,0,0,9,16,16,16,16,9,0,0,1,4,9,16,6,0,0,0,0,0,11,14,0,0,0,0,0,4,16,5,0,0,0,7
62,0,0,6,13,16,6,0,0,0,3,16,14,15,16,1,0,0,0,5,0,8,16,2,0,0,0,0,0,8,16,3,0,0,3,15,16,16,16,9,0,0,5,13,14,16,11,3,0,0,0,0,12,15,1,0,0,0,0,4,16,7,0,0,0,7
82,0,0,3,14,16,14,0,0,0,0,13,13,13,16,2,0,0,0,1,0,9,15,0,0,0,0,9,12,15,16,10,0,0,4,16,16,16,11,3,0,0,0,4,9,14,2,0,0,0,0,2,15,9,0,0,0,0,0,4,13,1,0,0,0,7
87,0,0,2,7,15,13,1,0,0,0,14,12,9,14,8,0,0,0,2,0,0,12,8,0,0,0,0,0,0,13,6,0,0,5,16,16,16,16,5,0,0,2,5,7,13,14,2,0,0,0,0,1,15,5,0,0,0,0,0,11,9,0,0,0,7
95,0,0,3,12,16,10,0,0,0,2,14,12,12,12,0,0,0,5,10,0,10,11,0,0,0,0,0,1,14,9,2,0,0,0,8,16,16,16,10,0,0,0,6,16,13,7,0,0,0,0,0,16,5,0,0,0,0,0,5,13,0,0,0,0,7
109,0,0,2,11,16,4,0,0,0,0,12,9,11,15,1,0,0,0,2,0,4,16,0,0,0,0,0,2,8,15,1,0,0,4,16,16,16,15,7,0,0,3,6,4,16,3,0,0,0,0,0,6,11,0,0,0,0,0,0,12,7,0,0,0,7
113,0,0,3,11,16,13,0,0,0,3,15,15,13,16,0,0,0,6,8,2,9,14,0,0,0,0,4,7,15,14,5,0,0,4,16,16,16,14,6,0,0,1,8,13,12,0,0,0,0,0,1,16,4,0,0,0,0,0,3,15,1,0,0,0,7
119,0,0,9,12,15,15,2,0,0,1,15,14,11,16,7,0,0,0,2,0,2,16,4,0,0,0,2,4,10,15,2,0,0,0,13,16,16,16,9,0,0,0,13,16,10,1,0,0,0,0,6,16,1,0,0,0,0,0,11,9,0,0,0,0,7
138,0,0,2,15,15,3,0,0,0,0,8,14,16,11,0,0,0,0,0,0,11,14,0,0,0,0,0,0,11,14,3,0,0,0,4,12,16,16,7,0,0,0,11,16,12,1,0,0,0,0,1,14,6,0,0,0,0,0,4,12,1,0,0,0,7
148,0,0,3,15,14,1,0,0,0,0,13,16,16,6,0,0,0,0,4,4,16,8,0,0,0,0,0,1,16,10,1,0,0,0,7,16,16,16,8,0,0,0,12,15,16,6,0,0,0,0,0,14,11,0,0,0,0,0,4,12,1,0,0,0,7
158,0,0,10,16,14,1,0,0,0,0,14,16,16,7,0,0,0,0,1,5,16,7,0,0,0,0,2,10,16,11,6,0,0,7,16,16,15,12,7,0,0,11,10,15,10,0,0,0,0,0,6,16,2,0,0,0,0,0,13,9,0,0,0,0,7
174,0,0,7,16,16,16,13,0,0,0,8,9,8,15,15,0,0,0,0,0,4,16,7,0,0,0,4,8,12,16,5,0,0,3,16,16,16,14,7,0,0,0,3,8,16,3,0,0,0,0,0,15,13,0,0,0,0,0,7,16,3,0,0,0,7
175,0,0,1,8,10,15,11,0,0,2,14,15,13,16,7,0,0,0,6,0,6,14,2,0,0,0,0,3,11,12,2,0,0,0,2,16,16,15,8,0,0,0,3,13,15,2,0,0,0,0,0,13,10,0,0,0,0,0,1,16,5,0,0,0,7
183,0,0,5,16,12,2,0,0,0,0,4,11,16,10,0,0,0,0,0,0,14,11,0,0,0,0,2,4,14,14,2,0,0,0,13,16,16,10,4,0,0,0,3,10,14,0,0,0,0,0,0,15,5,0,0,0,0,0,6,11,0,0,0,0,7
192,0,0,15,15,2,0,0,0,0,0,8,15,11,0,0,0,0,0,0,12,14,0,0,0,0,0,7,12,16,13,9,0,0,7,16,16,16,10,5,0,0,1,5,16,14,0,0,0,0,0,9,15,3,0,0,0,0,2,16,4,0,0,0,0,7
212,0,0,8,16,13,0,0,0,0,0,7,14,16,4,0,0,0,0,1,12,16,13,12,1,0,0,11,16,16,14,9,0,0,0,10,16,14,1,0,0,0,0,0,14,9,0,0,0,0,0,3,16,1,0,0,0,0,0,12,9,0,0,0,0,7
217,0,0,9,16,3,0,0,0,0,0,11,16,14,1,0,0,0,0,0,11,16,4,0,0,0,0,0,8,16,10,1,0,0,1,12,16,16,16,9,0,0,1,11,16,11,4,0,0,0,0,6,16,4,0,0,0,0,0,11,11,0,0,0,0,7
223,0,0,4,15,16,16,5,0,0,0,6,9,11,16,11,0,0,0,0,0,3,16,5,0,0,0,0,3,14,16,10,0,0,0,7,16,16,11,3,0,0,0,8,15,13,0,0,0,0,0,5,16,7,0,0,0,0,0,7,14,2,0,0,0,7
237,0,0,9,15,16,5,0,0,0,0,16,16,16,13,0,0,0,0,0,3,16,11,0,0,0,0,2,7,16,13,10,0,0,2,15,16,16,12,4,0,0,3,13,16,10,0,0,0,0,0,7,16,2,0,0,0,0,0,12,13,0,0,0,0,7
241,0,0,7,15,6,0,0,0,0,0,2,14,15,2,0,0,0,0,0,5,16,6,0,0,0,0,0,5,16,9,2,0,0,5,14,16,15,11,4,0,0,5,7,12,11,0,0,0,0,0,4,15,1,0,0,0,0,0,10,11,0,0,0,0,7
264,0,0,6,16,16,16,16,10,0,0,6,10,8,14,16,3,0,0,0,0,4,16,8,0,0,0,2,10,14,15,6,0,0,0,6,16,16,16,7,0,0,0,0,15,9,0,0,0,0,0,6,16,6,0,0,0,0,0,10,13,1,0,0,0,7
274,0,0,4,12,16,10,0,0,0,0,15,12,12,11,0,0,0,0,1,0,9,7,0,0,0,0,4,7,15,13,7,0,0,6,16,16,15,10,3,0,0,1,4,12,7,0,0,0,0,0,2,16,2,0,0,0,0,0,6,12,0,0,0,0,7
284,0,0,4,13,16,16,16,10,0,0,11,15,12,13,16,5,0,0,0,0,0,12,11,0,0,0,1,0,5,15,2,0,0,0,14,13,15,15,6,0,0,0,15,16,15,9,2,0,0,0,1,16,7,0,0,0,0,0,6,14,2,0,0,0,7
300,0,0,6,16,16,9,0,0,0,0,14,9,12,11,0,0,0,0,1,0,9,6,0,0,0,0,1,6,16,10,6,0,0,0,10,16,14,11,5,0,0,0,5,15,2,0,0,0,0,0,3,13,0,0,0,0,0,0,7,8,0,0,0,0,7
301,0,0,1,11,16,16,10,0,0,0,13,14,8,12,11,0,0,0,4,0,0,13,4,0,0,0,0,0,3,15,0,0,0,0,2,15,16,16,9,0,0,0,3,13,16,8,1,0,0,0,0,7,10,0,0,0,0,0,0,13,3,0,0,0,7
309,0,0,3,11,16,16,4,0,0,0,9,12,12,16,9,0,0,0,0,0,1,16,8,0,0,0,0,9,14,16,9,0,0,0,1,16,16,14,5,0,0,0,0,6,16,4,0,0,0,0,0,11,14,0,0,0,0,0,1,15,7,0,0,0,7
318,0,0,5,16,16,16,16,11,0,0,6,9,5,5,15,8,0,0,0,0,0,9,11,1,0,0,0,3,6,16,3,0,0,0,5,16,16,16,7,0,0,0,4,8,16,4,1,0,0,0,1,13,10,0,0,0,0,0,3,16,2,0,0,0,7
338,0,0,3,11,16,15,1,0,0,1,16,14,10,16,2,0,0,5,12,0,8,12,0,0,0,0,1,1,13,9,0,0,0,0,11,16,16,13,2,0,0,0,11,14,15,12,5,0,0,0,0,15,9,0,0,0,0,0,0,15,5,0,0,0,7
343,0,0,3,13,16,11,0,0,0,0,14,12,14,16,1,0,0,0,6,0,7,15,0,0,0,0,0,0,12,11,0,0,0,0,8,13,16,14,4,0,0,5,16,16,14,12,4,0,0,0,3,16,3,0,0,0,0,0,8,13,0,0,0,0,7
351,0,0,6,15,16,3,0,0,0,3,16,12,15,8,0,0,0,0,4,0,14,6,0,0,0,0,0,2,16,6,2,0,0,0,4,14,16,16,8,0,0,0,15,16,7,0,0,0,0,0,6,16,0,0,0,0,0,0,7,9,0,0,0,0,7
365,0,0,8,16,16,1,0,0,0,1,12,10,16,5,0,0,0,0,0,3,16,6,0,0,0,0,0,6,16,2,0,0,0,4,12,14,16,12,5,0,0,12,16,16,14,12,5,0,0,0,6,13,0,0,0,0,0,0,11,8,0,0,0,0,7
369,0,0,2,13,16,13,0,0,0,0,14,15,14,16,0,0,0,0,5,0,10,15,0,0,0,0,0,0,13,13,0,0,0,0,7,14,16,16,7,0,0,0,14,16,14,10,3,0,0,0,3,15,5,0,0,0,0,0,4,15,0,0,0,0,7
375,0,0,1,9,16,16,3,0,0,0,14,11,8,16,8,0,0,0,4,0,0,15,6,0,0,0,0,0,7,16,3,0,0,0,6,12,16,16,9,0,0,1,16,14,16,5,0,0,0,0,2,8,16,0,0,0,0,0,0,12,7,0,0,0,7
394,0,0,2,12,8,7,6,2,0,0,9,16,15,16,16,5,0,0,13,11,0,10,14,0,0,0,11,3,2,15,4,0,0,0,0,0,11,9,0,0,0,0,0,8,16,4,0,0,0,0,0,15,12,0,0,0,0,0,4,16,2,0,0,0,7
404,0,0,1,8,8,9,12,7,0,0,8,16,12,13,16,5,0,0,11,6,0,8,11,0,0,0,15,3,1,15,3,0,0,0,1,0,10,9,0,0,0,0,0,3,13,1,0,0,0,0,0,13,7,0,0,0,0,0,1,11,1,0,0,0,7
9,0,0,9,14,8,1,0,0,0,0,12,14,14,12,0,0,0,0,9,10,0,15,4,0,0,0,3,16,12,14,2,0,0,0,4,16,16,2,0,0,0,3,16,8,10,13,2,0,0,1,15,1,3,16,8,0,0,0,11,16,15,11,1,0,8
19,0,0,10,7,13,9,0,0,0,0,9,10,12,15,2,0,0,0,4,11,10,11,0,0,0,0,1,16,10,1,0,0,0,0,12,13,4,0,0,0,0,0,12,1,12,0,0,0,0,1,10,2,14,0,0,0,0,0,11,14,5,0,0,0,8
29,0,0,10,11,4,0,0,0,0,0,10,15,13,13,1,0,0,0,8,11,0,14,4,0,0,0,0,13,15,13,0,0,0,1,11,16,16,0,0,0,0,1,15,3,9,10,0,0,0,0,14,6,15,10,0,0,0,0,8,14,7,1,0,0,8
39,0,0,7,7,13,16,4,0,0,0,13,13,6,12,7,0,0,0,10,4,10,11,1,0,0,0,8,16,10,0,0,0,0,3,14,16,0,0,0,0,0,8,8,11,5,0,0,0,0,4,10,9,8,0,0,0,0,1,11,16,6,0,0,0,8
41,0,0,11,10,12,4,0,0,0,0,12,13,9,16,1,0,0,0,7,13,11,16,0,0,0,0,1,16,14,4,0,0,0,0,10,16,13,0,0,0,0,0,14,7,12,7,0,0,0,4,14,4,12,13,0,0,0,1,11,14,12,4,0,0,8
54,0,0,4,8,16,5,0,0,0,0,9,16,8,11,0,0,0,0,5,10,0,13,2,0,0,0,0,13,4,15,2,0,0,0,0,9,16,8,0,0,0,0,8,15,14,5,0,0,0,0,16,5,14,4,0,0,0,0,6,16,12,1,0,0,8
77,0,3,5,14,13,6,0,0,0,9,16,12,10,12,0,0,0,6,16,3,12,11,0,0,0,1,13,10,16,6,0,0,0,0,10,16,10,0,0,0,0,1,15,16,10,0,0,0,0,0,16,12,16,0,0,0,0,0,3,15,16,5,0,0,8
97,0,1,9,16,15,10,0,0,0,6,16,8,7,16,3,0,0,0,11,14,16,11,1,0,0,1,13,16,6,0,0,0,0,8,15,16,3,0,0,0,0,5,14,10,11,0,0,0,0,0,15,7,16,3,0,0,0,0,11,16,8,0,0,0,8
115,0,0,4,9,13,5,0,0,0,1,16,16,12,11,0,0,0,0,11,8,5,16,0,0,0,0,7,10,13,10,0,0,0,0,4,16,13,0,0,0,0,0,13,15,12,0,0,0,0,0,11,9,14,5,0,0,0,0,0,10,16,8,0,0,8
123,0,0,3,6,14,5,0,0,0,0,7,15,15,13,0,0,0,0,3,14,13,12,0,0,0,0,0,16,13,1,0,0,0,0,2,16,8,0,0,0,0,0,10,9,14,0,0,0,0,0,12,4,15,2,0,0,0,0,4,15,14,0,0,0,8
124,0,0,5,14,15,4,0,0,0,0,8,16,16,14,0,0,0,0,5,16,16,9,0,0,0,0,0,15,16,1,0,0,0,0,1,16,13,0,0,0,0,0,11,15,14,5,0,0,0,0,12,12,8,15,1,0,0,0,5,16,16,16,2,0,8
128,0,0,5,4,9,10,0,0,0,0,10,8,11,16,2,0,0,0,8,12,14,14,1,0,0,0,5,15,7,0,0,0,0,0,14,12,0,0,0,0,0,1,14,13,3,0,0,0,0,0,12,13,5,0,0,0,0,0,7,16,5,0,0,0,8
130,0,0,7,13,15,5,0,0,0,0,8,16,16,12,0,0,0,0,7,16,15,3,0,0,0,0,6,16,5,0,0,0,0,0,5,16,2,0,0,0,0,0,8,16,6,0,0,0,0,0,12,12,13,0,0,0,0,0,5,13,10,0,0,0,8
139,0,0,5,12,13,2,0,0,0,3,16,14,16,13,1,0,0,4,16,9,16,12,1,0,0,1,9,16,15,1,0,0,0,1,13,16,16,5,0,0,0,3,16,5,12,16,0,0,0,3,15,7,14,12,0,0,0,0,6,16,13,3,0,0,8
149,0,0,3,13,13,3,0,0,0,2,14,12,12,11,0,0,0,4,16,8,5,15,3,0,0,1,13,14,16,7,0,0,0,0,11,16,13,1,0,0,0,1,16,12,13,14,1,0,0,0,13,13,9,16,7,0,0,0,3,13,16,10,1,0,8
159,0,0,2,13,13,1,0,0,0,0,8,16,14,4,0,0,0,0,5,16,10,8,4,0,0,0,1,16,16,10,2,0,0,2,15,13,12,0,0,0,0,5,12,3,15,1,0,0,0,0,14,3,13,4,0,0,0,0,3,15,13,1,0,0,8
169,0,0,6,15,13,3,0,0,0,0,13,14,15,12,0,0,0,0,14,11,13,15,5,0,0,0,9,16,15,8,0,0,0,2,16,16,16,2,0,0,0,8,16,2,14,10,0,0,0,5,16,9,14,11,0,0,0,0,8,14,13,2,0,0,8
171,0,0,2,13,4,0,0,0,0,0,8,14,11,0,0,0,0,0,10,6,14,5,2,0,0,0,2,14,12,14,0,0,0,0,1,15,13,2,0,0,0,0,11,13,14,1,0,0,0,0,13,8,10,4,0,0,0,0,2,11,16,7,0,0,8
184,0,0,5,15,13,3,0,0,0,0,12,15,12,14,0,0,0,0,12,12,14,14,0,0,0,0,3,16,14,3,0,0,0,0,9,14,15,3,0,0,0,1,15,5,8,12,1,0,0,0,16,4,4,16,4,0,0,0,5,16,16,12,2,0,8
207,0,0,10,13,0,0,0,0,0,0,14,15,11,0,0,0,0,0,12,9,16,8,2,0,0,0,5,14,16,11,1,0,0,0,3,16,10,0,0,0,0,0,12,11,16,0,0,0,0,1,16,7,16,5,0,0,0,0,11,16,13,1,0,0,8
225,0,0,0,10,12,3,0,0,0,0,8,16,15,14,0,0,0,0,5,16,10,16,1,0,0,0,5,16,16,10,1,0,0,1,16,12,16,8,0,0,0,1,16,3,4,16,4,0,0,0,12,11,4,16,9,0,0,0,2,10,14,13,4,0,8
243,0,0,2,12,12,0,0,0,0,0,7,16,15,9,1,0,0,0,6,14,13,15,3,0,0,0,1,16,16,4,0,0,0,0,7,16,14,0,0,0,0,1,15,9,16,5,0,0,0,2,13,13,16,10,0,0,0,0,1,11,12,5,0,0,8
249,0,0,3,14,13,1,0,0,0,0,9,16,16,9,0,0,0,0,8,16,11,15,1,0,0,0,2,14,16,15,2,0,0,0,6,16,16,6,0,0,0,0,15,11,10,12,0,0,0,1,16,11,11,15,0,0,0,0,5,13,15,7,0,0,8
250,0,0,2,16,10,1,0,0,0,0,7,16,16,12,0,0,0,0,3,16,16,15,0,0,0,0,2,16,14,0,0,0,0,0,8,15,16,6,0,0,0,0,13,8,9,13,0,0,0,0,12,10,7,16,0,0,0,0,3,13,15,10,0,0,8
254,0,0,0,12,15,6,0,0,0,0,5,16,13,15,0,0,0,0,2,16,16,12,1,0,0,0,0,11,16,14,1,0,0,0,7,16,15,10,0,0,0,1,16,8,2,14,5,0,0,0,12,10,4,12,7,0,0,0,2,11,16,13,3,0,8
256,0,0,5,14,15,2,0,0,0,0,13,14,9,10,0,0,0,0,15,8,2,15,3,0,0,0,11,12,9,14,2,0,0,0,7,16,14,2,0,0,0,0,13,14,16,4,0,0,0,3,15,8,14,10,0,0,0,0,6,16,16,8,0,0,8
265,0,0,1,10,13,13,1,0,0,1,13,10,4,14,4,0,0,8,13,0,7,12,0,0,0,2,12,14,15,2,0,0,0,0,5,15,15,2,0,0,0,0,8,7,3,13,3,0,0,0,8,8,0,13,4,0,0,0,1,11,16,16,2,0,8
275,0,0,2,12,16,10,0,0,0,0,12,7,1,13,4,0,0,3,16,0,8,12,0,0,0,4,16,11,14,1,0,0,0,0,7,16,6,0,0,0,0,0,6,12,15,2,0,0,0,0,8,7,13,4,0,0,0,0,3,13,16,3,0,0,8
285,0,0,2,11,16,12,2,0,0,0,11,7,4,7,8,0,0,5,14,4,0,8,4,0,0,2,15,9,6,11,0,0,0,0,3,16,11,0,0,0,0,0,9,13,11,0,0,0,0,0,12,10,16,1,0,0,0,0,2,12,16,3,0,0,8
295,0,0,4,15,14,10,1,0,0,0,7,9,0,9,8,0,0,0,11,9,2,13,7,0,0,0,4,15,14,4,0,0,0,0,6,15,15,1,0,0,0,4,14,1,13,7,0,0,0,7,13,1,5,13,0,0,0,0,7,14,16,16,1,0,8
297,0,0,5,12,15,10,1,0,0,2,14,7,4,9,7,0,0,7,15,7,0,9,8,0,0,1,5,15,11,13,3,0,0,0,3,15,16,5,0,0,0,0,15,9,12,7,0,0,0,0,15,5,8,12,0,0,0,0,4,14,16,11,0,0,8
310,0,0,4,13,16,14,2,0,0,2,15,5,4,14,4,0,0,8,15,6,1,15,1,0,0,4,16,16,13,10,0,0,0,0,1,9,16,10,0,0,0,0,4,14,3,14,6,0,0,0,9,10,3,13,8,0,0,0,3,15,16,11,1,0,8
333,0,0,4,13,15,9,0,0,0,4,14,6,5,16,0,0,0,7,12,2,2,16,0,0,0,4,16,15,14,7,0,0,0,0,9,16,16,5,0,0,0,0,10,6,8,15,2,0,0,0,11,9,4,13,11,0,0,0,2,14,16,15,6,0,8
353,0,0,3,10,12,12,2,0,0,1,13,12,6,13,8,0,0,8,16,8,8,14,1,0,0,5,14,16,16,3,0,0,0,0,12,16,15,2,0,0,0,3,16,2,15,10,0,0,0,4,16,8,12,12,0,0,0,0,9,16,15,3,0,0,8
371,0,0,7,13,16,11,0,0,0,3,16,5,4,14,2,0,0,8,11,1,4,15,2,0,0,3,12,14,16,8,0,0,0,0,8,16,15,1,0,0,0,1,15,5,11,12,0,0,0,3,16,5,7,16,1,0,0,0,5,14,16,15,2,0,8
379,0,0,4,11,14,4,0,0,0,5,13,4,9,7,0,0,0,7,10,10,13,2,0,0,0,1,9,16,15,2,0,0,0,0,8,7,9,12,0,0,0,0,12,0,1,14,5,0,0,0,11,6,0,7,8,0,0,0,2,15,16,15,4,0,8
380,0,0,3,12,15,14,3,0,0,1,16,5,0,8,12,0,0,6,16,11,2,13,7,0,0,2,9,15,16,4,0,0,0,0,3,14,16,7,0,0,0,0,9,5,6,15,0,0,0,0,11,10,7,16,2,0,0,0,3,12,16,13,0,0,8
384,0,0,1,13,16,14,4,0,0,2,11,8,4,11,7,0,0,6,16,3,3,13,2,0,0,0,9,14,14,4,0,0,0,0,7,16,10,0,0,0,0,0,12,10,16,1,0,0,0,0,11,10,15,4,0,0,0,0,1,14,15,1,0,0,8
395,0,0,1,6,8,9,3,0,0,0,13,15,12,11,7,0,0,0,13,11,0,9,7,0,0,0,5,15,15,15,0,0,0,0,1,14,16,16,0,0,0,0,11,9,0,16,1,0,0,0,9,10,10,13,0,0,0,0,3,11,9,2,0,0,8
405,0,0,5,11,8,7,0,0,0,3,16,11,9,16,4,0,0,0,14,3,7,15,0,0,0,0,5,15,15,3,0,0,0,0,10,15,14,1,0,0,0,4,13,0,9,7,0,0,0,3,11,5,13,7,0,0,0,0,6,10,6,0,0,0,8
10,0,0,11,12,0,0,0,0,0,2,16,16,16,13,0,0,0,3,16,12,10,14,0,0,0,1,16,1,12,15,0,0,0,0,13,16,9,15,2,0,0,0,0,3,0,9,11,0,0,0,0,0,9,15,4,0,0,0,9,12,13,3,0,0,9
20,0,0,6,14,4,0,0,0,0,0,11,16,10,0,0,0,0,0,8,14,16,2,0,0,0,0,1,12,12,11,0,0,0,0,0,0,0,11,3,0,0,0,0,0,0,5,11,0,0,0,1,4,4,7,16,2,0,0,7,16,16,13,11,1,9
30,0,0,9,13,7,0,0,0,0,0,12,16,16,2,0,0,0,0,12,13,16,6,0,0,0,0,6,16,16,14,0,0,0,0,0,0,2,16,3,0,0,0,0,0,0,9,10,0,0,0,3,7,12,14,16,2,0,0,7,12,12,12,11,0,9
32,0,0,2,13,8,0,0,0,0,0,6,16,16,6,0,0,0,0,5,15,13,11,0,0,0,0,0,7,16,15,0,0,0,0,0,0,0,14,3,0,0,0,0,0,0,7,11,0,0,0,0,3,4,4,16,2,0,0,2,15,13,14,13,2,9
38,0,0,13,10,1,0,0,0,0,5,16,14,7,0,0,0,0,4,16,8,14,0,0,0,0,2,14,16,16,6,0,0,0,0,1,4,9,13,1,0,0,0,0,0,0,13,6,0,0,0,5,8,5,9,14,0,0,0,13,13,15,16,13,0,9
40,0,1,9,16,13,7,0,0,0,7,14,4,10,12,0,0,0,6,15,9,16,11,0,0,0,0,9,11,7,14,0,0,0,0,0,0,0,15,2,0,0,0,0,0,0,11,6,0,0,3,13,8,5,14,5,0,0,0,9,14,13,10,1,0,9
70,0,0,6,12,13,6,0,0,0,6,16,9,12,16,2,0,0,7,16,9,15,13,0,0,0,0,11,15,16,4,0,0,0,0,0,12,10,0,0,0,0,0,3,16,4,0,0,0,0,0,1,16,2,0,0,0,0,0,6,11,0,0,0,0,9
74,0,1,12,13,4,0,0,0,0,4,16,16,16,3,0,0,0,4,16,16,16,10,0,0,0,0,6,16,14,16,0,0,0,0,0,0,0,16,4,0,0,0,0,0,0,13,7,0,0,1,2,3,7,14,10,0,0,2,12,16,14,12,3,0,9
93,0,0,9,13,14,5,0,0,0,4,16,10,13,16,0,0,0,0,13,15,14,16,1,0,0,0,0,3,7,16,3,0,0,0,0,0,4,16,0,0,0,0,0,0,1,16,3,0,0,1,15,5,8,16,2,0,0,0,7,15,16,9,0,0,9
106,0,0,9,15,5,0,0,0,0,0,13,14,13,7,0,0,0,0,6,14,10,13,1,0,0,0,0,9,12,15,5,0,0,0,0,0,0,10,10,0,0,0,0,0,0,7,14,0,0,0,3,8,9,15,15,0,0,0,5,12,12,9,1,0,9
120,0,0,0,12,14,1,0,0,0,0,9,16,10,5,0,0,0,0,8,13,5,14,0,0,0,0,2,14,16,16,4,0,0,0,0,0,4,10,10,0,0,0,0,0,0,4,16,0,0,0,2,6,4,9,16,0,0,0,1,11,16,15,7,0,9
126,0,0,12,16,7,0,0,0,0,2,16,5,12,3,0,0,0,0,14,6,3,16,2,0,0,0,2,14,16,12,0,0,0,0,0,0,10,10,0,0,0,0,0,0,10,8,0,0,0,0,8,2,13,7,0,0,0,0,11,16,16,3,0,0,9
129,0,0,1,11,15,8,0,0,0,0,12,14,10,16,5,0,0,0,16,7,13,16,4,0,0,0,9,15,13,16,4,0,0,0,0,0,1,15,4,0,0,0,0,0,0,16,4,0,0,8,16,14,9,16,4,0,0,0,2,10,15,15,2,0,9
140,0,0,5,15,5,0,0,0,0,0,12,11,13,8,0,0,0,0,11,9,10,16,0,0,0,0,3,15,16,16,1,0,0,0,0,0,0,14,6,0,0,0,0,0,0,13,8,0,0,0,6,3,0,14,6,0,0,0,2,13,16,15,3,0,9
150,0,0,6,13,10,4,0,0,0,4,16,15,13,13,0,0,0,4,16,14,16,16,1,0,0,2,10,16,16,16,5,0,0,0,0,0,3,16,5,0,0,0,0,0,0,16,8,0,0,0,0,2,8,16,8,0,0,0,7,16,14,9,1,0,9
160,0,0,5,13,4,0,0,0,0,0,15,14,14,5,0,0,0,0,12,7,8,16,1,0,0,0,4,13,16,16,1,0,0,0,0,0,0,15,2,0,0,0,0,0,0,14,6,0,0,0,2,7,8,16,4,0,0,0,6,12,13,10,0,0,9
162,0,0,2,13,6,0,0,0,0,0,4,16,15,5,0,0,0,0,1,15,12,15,0,0,0,0,0,10,16,16,1,0,0,0,0,0,2,16,2,0,0,0,0,0,0,15,5,0,0,0,4,4,6,16,3,0,0,0,2,14,16,10,0,0,9
168,0,0,2,13,8,6,0,0,0,0,7,14,14,16,0,0,0,0,7,9,3,16,4,0,0,0,5,14,15,16,4,0,0,0,0,3,2,13,5,0,0,0,3,0,0,12,6,0,0,1,12,6,0,11,7,0,0,0,3,12,16,16,1,0,9
170,0,0,6,15,6,0,0,0,0,0,14,11,13,4,0,0,0,0,11,7,7,13,0,0,0,0,5,16,16,16,1,0,0,0,0,0,0,14,7,0,0,0,0,0,0,10,13,0,0,0,2,11,0,11,12,0,0,0,5,16,14,9,4,0,9
200,0,0,6,15,5,0,0,0,0,1,15,15,15,3,0,0,0,2,16,6,11,14,0,0,0,0,15,14,15,16,1,0,0,0,3,8,10,16,5,0,0,0,0,0,3,16,8,0,0,0,0,4,10,16,8,0,0,0,7,12,13,12,1,0,9
204,0,0,10,15,7,0,0,0,0,4,16,13,11,11,0,0,0,10,16,12,15,16,4,0,0,3,12,12,14,16,4,0,0,0,0,0,10,16,4,0,0,0,0,0,9,16,4,0,0,0,4,4,15,15,0,0,0,1,12,15,12,3,0,0,9
221,0,0,11,16,8,0,0,0,0,6,16,11,13,9,0,0,0,7,16,0,9,16,0,0,0,2,15,12,16,16,3,0,0,0,5,7,7,16,4,0,0,0,0,0,5,16,5,0,0,0,3,7,16,11,0,0,0,0,13,16,11,1,0,0,9
234,0,0,5,15,7,0,0,0,0,0,14,16,16,5,0,0,0,0,13,14,14,15,0,0,0,0,3,11,14,16,3,0,0,0,0,0,6,16,2,0,0,0,0,0,4,16,7,0,0,0,0,1,11,16,6,0,0,0,4,15,16,10,0,0,9
252,0,0,7,16,11,1,0,0,0,1,15,12,12,12,0,0,0,2,16,2,6,16,2,0,0,1,16,6,6,16,6,0,0,0,7,16,15,16,9,0,0,0,0,0,0,12,11,0,0,0,3,3,6,16,5,0,0,0,8,16,14,6,0,0,9
255,0,0,3,12,5,0,0,0,0,1,15,14,16,6,0,0,0,6,16,0,6,16,6,0,0,5,16,11,14,16,4,0,0,0,8,10,12,16,0,0,0,0,1,1,7,15,1,0,0,0,8,10,10,16,2,0,0,0,2,13,14,7,0,0,9
266,0,0,6,12,13,5,0,0,0,2,16,9,8,15,2,0,0,8,12,0,3,15,8,0,0,4,15,12,16,13,1,0,0,0,2,2,16,6,0,0,0,0,0,1,16,1,0,0,0,0,0,5,16,0,0,0,0,0,3,16,14,0,0,0,9
276,0,0,4,14,16,15,1,0,0,5,16,8,4,16,7,0,0,8,13,0,4,16,12,0,0,7,16,15,16,13,3,0,0,0,6,12,16,4,0,0,0,0,0,11,12,0,0,0,0,0,0,16,7,0,0,0,0,0,3,16,2,0,0,0,9
286,0,0,9,16,12,2,0,0,0,0,16,3,5,10,0,0,0,0,13,4,14,16,4,0,0,0,4,16,16,16,7,0,0,0,0,3,4,10,4,0,0,0,0,0,0,8,6,0,0,0,12,1,1,13,3,0,0,0,8,15,16,9,0,0,9
288,0,0,3,11,13,5,0,0,0,0,10,12,5,16,0,0,0,0,7,10,6,15,4,0,0,0,2,13,16,14,6,0,0,0,0,0,0,7,9,0,0,0,0,0,0,4,11,0,0,0,9,7,0,8,11,0,0,0,3,9,16,16,6,0,9
294,0,0,7,13,16,7,0,0,0,2,16,6,5,12,1,0,0,4,12,0,1,16,4,0,0,1,12,12,13,16,3,0,0,0,0,4,8,13,0,0,0,0,0,0,4,13,0,0,0,0,8,3,10,10,0,0,0,0,6,15,15,3,0,0,9
296,0,0,4,12,16,12,0,0,0,5,16,8,4,12,2,0,0,12,6,0,0,13,4,0,0,6,16,13,16,16,7,0,0,0,3,4,1,8,8,0,0,0,0,0,0,4,12,0,0,0,8,9,2,9,9,0,0,0,2,13,16,15,3,0,9
326,0,0,0,9,15,16,9,0,0,0,10,13,4,12,7,0,0,5,14,1,2,15,3,0,0,4,14,12,16,15,0,0,0,0,1,1,13,7,0,0,0,0,0,4,15,1,0,0,0,0,0,11,8,0,0,0,0,0,0,12,4,0,0,0,9
330,0,0,3,14,16,8,0,0,0,3,15,8,4,15,1,0,0,8,10,0,3,16,8,0,0,3,15,13,16,14,1,0,0,0,2,5,16,4,0,0,0,0,0,8,11,0,0,0,0,0,0,15,2,0,0,0,0,0,2,13,0,0,0,0,9
349,0,0,2,10,16,13,0,0,0,3,16,8,2,16,1,0,0,8,13,0,2,16,6,0,0,6,16,12,16,16,7,0,0,0,2,4,8,12,1,0,0,0,0,1,15,3,0,0,0,0,0,9,10,0,0,0,0,0,1,16,3,0,0,0,9
362,0,0,3,11,15,13,2,0,0,2,15,11,8,14,7,0,0,8,14,0,2,13,2,0,0,3,13,16,16,15,1,0,0,0,0,0,14,5,0,0,0,0,0,7,14,0,0,0,0,0,1,15,4,0,0,0,0,0,2,16,1,0,0,0,9
376,0,0,0,5,13,16,8,0,0,0,8,15,6,7,14,0,0,2,16,1,1,11,10,0,0,4,16,15,16,16,6,0,0,0,4,4,5,15,1,0,0,0,0,0,9,8,0,0,0,0,0,2,15,1,0,0,0,0,0,6,10,0,0,0,9
382,0,0,0,2,9,16,10,0,0,0,7,15,8,7,12,0,0,1,15,3,0,11,12,0,0,8,14,9,13,16,8,0,0,1,7,7,3,13,4,0,0,0,0,0,5,13,0,0,0,0,0,0,10,9,0,0,0,0,0,0,14,4,0,0,9
385,0,0,0,9,15,12,1,0,0,1,11,12,5,15,4,0,0,6,14,0,0,13,7,0,0,5,16,12,12,16,4,0,0,0,3,8,14,8,0,0,0,0,0,2,15,1,0,0,0,0,0,9,10,0,0,0,0,0,0,10,9,0,0,0,9
396,0,0,7,14,13,8,0,0,0,1,15,13,14,14,0,0,0,0,13,13,13,16,3,0,0,0,4,14,13,16,4,0,0,0,0,0,0,12,4,0,0,0,0,0,0,14,4,0,0,7,16,9,10,15,2,0,0,1,8,13,15,8,0,0,9
406,0,0,5,16,11,0,0,0,0,0,12,13,13,11,0,0,0,0,13,8,6,16,0,0,0,0,7,14,16,16,4,0,0,0,0,7,8,14,7,0,0,0,4,0,0,8,12,0,0,1,15,11,8,13,11,0,0,0,5,11,12,14,3,0,9
