partition,lemma,feature,unimorph_features,form,source_rows
train,lactate,past,V;PST,lactated,162598
train,lactate,participle,V;V.PTCP;PRS,lactating,162597
train,lactate,third_person,V;PRS;3;SG,lactates,162596
train,plicate,past,V;PST,plicated,178393
train,plicate,participle,V;V.PTCP;PRS,plicating,178392
train,plicate,third_person,V;PRS;3;SG,plicates,178391
train,flehm,past,V;PST,flehmed,18779
train,flehm,participle,V;V.PTCP;PRS,flehming,18778
train,flehm,third_person,V;PRS;3;SG,flehms,18777
train,holloo,past,V;PST,hollooed,70394
train,holloo,participle,V;V.PTCP;PRS,hollooing,70393
train,holloo,third_person,V;PRS;3;SG,holloos,70392
train,preslice,past,V;PST,presliced,59479
train,preslice,participle,V;V.PTCP;PRS,preslicing,59478
train,preslice,third_person,V;PRS;3;SG,preslices,59477
train,rematch,past,V;PST,rematched,178382
train,rematch,participle,V;V.PTCP;PRS,rematching,178381
train,rematch,third_person,V;PRS;3;SG,rematches,178380
train,mosh,past,V;PST,moshed,188661
train,mosh,participle,V;V.PTCP;PRS,moshing,188660
train,mosh,third_person,V;PRS;3;SG,moshes,188659
train,misguess,past,V;PST,misguessed,69415
train,misguess,participle,V;V.PTCP;PRS,misguessing,69414
train,misguess,third_person,V;PRS;3;SG,misguesses,69413
train,everlive,past,V;PST,everlived,159500
train,everlive,participle,V;V.PTCP;PRS,everliving,159499
train,everlive,third_person,V;PRS;3;SG,everlives,159498
train,pestre,past,V;PST,pestred,65603
train,pestre,participle,V;V.PTCP;PRS,pestring,65602
train,pestre,third_person,V;PRS;3;SG,pestres,65601
train,skim,past,V;PST,skimmed,197493
train,skim,participle,V;V.PTCP;PRS,skimming,197492
train,skim,third_person,V;PRS;3;SG,skims,197491
train,teen,past,V;PST,teened,34826
train,teen,participle,V;V.PTCP;PRS,teening,34825
train,teen,third_person,V;PRS;3;SG,teens,34824
train,reside,past,V;PST,resided,115395
train,reside,participle,V;V.PTCP;PRS,residing,115394
train,reside,third_person,V;PRS;3;SG,resides,115393
train,grapnel,past,V;PST,grapnelled,27469
train,grapnel,participle,V;V.PTCP;PRS,grapnelling,27468
train,grapnel,third_person,V;PRS;3;SG,grapnels,27467
train,quill,past,V;PST,quilled,106087
train,quill,participle,V;V.PTCP;PRS,quilling,106086
train,quill,third_person,V;PRS;3;SG,quills,106085
train,enormify,past,V;PST,enormified,15105
train,enormify,participle,V;V.PTCP;PRS,enormifying,15104
train,enormify,third_person,V;PRS;3;SG,enormifies,15103
train,valedict,past,V;PST,valedicted,156361
train,valedict,participle,V;V.PTCP;PRS,valedicting,156360
train,valedict,third_person,V;PRS;3;SG,valedicts,156359
train,coquette,past,V;PST,coquetted,125003
train,coquette,participle,V;V.PTCP;PRS,coquetting,125002
train,coquette,third_person,V;PRS;3;SG,coquettes,125001
train,lynch,past,V;PST,lynched,38393
train,lynch,participle,V;V.PTCP;PRS,lynching,38392
train,lynch,third_person,V;PRS;3;SG,lynches,38391
train,flog,past,V;PST,flogged,75158
train,flog,participle,V;V.PTCP;PRS,flogging,75157
train,flog,third_person,V;PRS;3;SG,flogs,75156
train,detoxify,past,V;PST,detoxified,125955
train,detoxify,participle,V;V.PTCP;PRS,detoxifying,125954
train,detoxify,third_person,V;PRS;3;SG,detoxifies,125953
train,jink,past,V;PST,jinked,129979
train,jink,participle,V;V.PTCP;PRS,jinking,129978
train,jink,third_person,V;PRS;3;SG,jinks,129977
train,spike,past,V;PST,spiked,126846
train,spike,participle,V;V.PTCP;PRS,spiking,126845
train,spike,third_person,V;PRS;3;SG,spikes,126844
train,modify,past,V;PST,modified,126051
train,modify,participle,V;V.PTCP;PRS,modifying,126050
train,modify,third_person,V;PRS;3;SG,modifies,126049
train,fakie,past,V;PST,fakied,57445
train,fakie,participle,V;V.PTCP;PRS,fakieing,57444
train,fakie,third_person,V;PRS;3;SG,fakies,57443
train,pregrind,past,V;PST,preground,105120
train,pregrind,participle,V;V.PTCP;PRS,pregrinding,105119
train,pregrind,third_person,V;PRS;3;SG,pregrinds,105118
train,resmudge,past,V;PST,resmudged,169022
train,resmudge,participle,V;V.PTCP;PRS,resmudging,169021
train,resmudge,third_person,V;PRS;3;SG,resmudges,169020
train,intercur,past,V;PST,intercurred,170227
train,intercur,participle,V;V.PTCP;PRS,intercurring,170226
train,intercur,third_person,V;PRS;3;SG,intercurs,170225
train,hothouse,past,V;PST,hothoused,89705
train,hothouse,participle,V;V.PTCP;PRS,hothousing,89704
train,hothouse,third_person,V;PRS;3;SG,hothouses,89703
train,nait,past,V;PST,naited,186389
train,nait,participle,V;V.PTCP;PRS,naiting,186388
train,nait,third_person,V;PRS;3;SG,naits,186387
train,mickey,past,V;PST,mickeyed,204689
train,mickey,participle,V;V.PTCP;PRS,mickeying,204688
train,mickey,third_person,V;PRS;3;SG,mickeys,204687
train,renig,past,V;PST,renigged,121263
train,renig,participle,V;V.PTCP;PRS,renigging,121262
train,renig,third_person,V;PRS;3;SG,renigs,121261
train,pinkwash,past,V;PST,pinkwashed,147880
train,pinkwash,participle,V;V.PTCP;PRS,pinkwashing,147879
train,pinkwash,third_person,V;PRS;3;SG,pinkwashes,147878
train,unclutch,past,V;PST,unclutched,136251
train,unclutch,participle,V;V.PTCP;PRS,unclutching,136250
train,unclutch,third_person,V;PRS;3;SG,unclutches,136249
train,unstarch,past,V;PST,unstarched,48694
train,unstarch,participle,V;V.PTCP;PRS,unstarching,48693
train,unstarch,third_person,V;PRS;3;SG,unstarches,48692
train,roll,past,V;PST,rolled,12903
train,roll,participle,V;V.PTCP;PRS,rolling,12902
train,roll,third_person,V;PRS;3;SG,rolls,12901
train,dishable,past,V;PST,dishabled,178407
train,dishable,participle,V;V.PTCP;PRS,dishabling,178406
train,dishable,third_person,V;PRS;3;SG,dishables,178405
train,keb,past,V;PST,kebbed,22321
train,keb,participle,V;V.PTCP;PRS,kebbing,22320
train,keb,third_person,V;PRS;3;SG,kebs,22319
train,pebble,past,V;PST,pebbled,106824
train,pebble,participle,V;V.PTCP;PRS,pebbling,106823
train,pebble,third_person,V;PRS;3;SG,pebbles,106822
train,steg,past,V;PST,stegged,10141
train,steg,participle,V;V.PTCP;PRS,stegging,10140
train,steg,third_person,V;PRS;3;SG,stegs,10139
train,mint,past,V;PST,minted,50658
train,mint,participle,V;V.PTCP;PRS,minting,50657
train,mint,third_person,V;PRS;3;SG,mints,50656
train,rouze,past,V;PST,rouzed,21779
train,rouze,participle,V;V.PTCP;PRS,rouzing,21778
train,rouze,third_person,V;PRS;3;SG,rouzes,21777
train,incute,past,V;PST,incuted,105690
train,incute,participle,V;V.PTCP;PRS,incuting,105689
train,incute,third_person,V;PRS;3;SG,incutes,105688
train,deage,past,V;PST,deaged,32715
train,deage,participle,V;V.PTCP;PRS,deaging,32714
train,deage,third_person,V;PRS;3;SG,deages,32713
train,fabulate,past,V;PST,fabulated,14687
train,fabulate,participle,V;V.PTCP;PRS,fabulating,14686
train,fabulate,third_person,V;PRS;3;SG,fabulates,14685
train,ciswash,past,V;PST,ciswashed,77840
train,ciswash,participle,V;V.PTCP;PRS,ciswashing,77839
train,ciswash,third_person,V;PRS;3;SG,ciswashes,77838
train,ledge,past,V;PST,ledged,184713
train,ledge,participle,V;V.PTCP;PRS,ledging,184712
train,ledge,third_person,V;PRS;3;SG,ledges,184711
train,bald,past,V;PST,balded,151944
train,bald,participle,V;V.PTCP;PRS,balding,151943
train,bald,third_person,V;PRS;3;SG,balds,151942
train,tide,past,V;PST,tided,2248
train,tide,participle,V;V.PTCP;PRS,tiding,2247
train,tide,third_person,V;PRS;3;SG,tides,2246
train,untackle,past,V;PST,untackled,201470
train,untackle,participle,V;V.PTCP;PRS,untackling,201469
train,untackle,third_person,V;PRS;3;SG,untackles,201468
train,umbego,past,V;PST,umbewent,21343
train,umbego,participle,V;V.PTCP;PRS,umbegoing,21342
train,umbego,third_person,V;PRS;3;SG,umbegoes,21341
train,exuviate,past,V;PST,exuviated,50925
train,exuviate,participle,V;V.PTCP;PRS,exuviating,50924
train,exuviate,third_person,V;PRS;3;SG,exuviates,50923
train,toswink,past,V;PST,toswank,134662
train,toswink,participle,V;V.PTCP;PRS,toswinking,134661
train,toswink,third_person,V;PRS;3;SG,toswinks,134660
train,marver,past,V;PST,marvered,16329
train,marver,participle,V;V.PTCP;PRS,marvering,16328
train,marver,third_person,V;PRS;3;SG,marvers,16327
train,banquet,past,V;PST,banqueted,210041
train,banquet,participle,V;V.PTCP;PRS,banqueting,210040
train,banquet,third_person,V;PRS;3;SG,banquets,210039
train,rebus,past,V;PST,rebused,153231
train,rebus,participle,V;V.PTCP;PRS,rebusing,153230
train,rebus,third_person,V;PRS;3;SG,rebuses,153229
train,sausage,past,V;PST,sausaged,107993
train,sausage,participle,V;V.PTCP;PRS,sausaging,107992
train,sausage,third_person,V;PRS;3;SG,sausages,107991
train,norm,past,V;PST,normed,144447
train,norm,participle,V;V.PTCP;PRS,norming,144446
train,norm,third_person,V;PRS;3;SG,norms,144445
train,begnaw,past,V;PST,begnawed,75361
train,begnaw,participle,V;V.PTCP;PRS,begnawing,75360
train,begnaw,third_person,V;PRS;3;SG,begnaws,75359
train,profect,past,V;PST,profected,43015
train,profect,participle,V;V.PTCP;PRS,profecting,43014
train,profect,third_person,V;PRS;3;SG,profects,43013
train,queue,past,V;PST,queued,210422
train,queue,participle,V;V.PTCP;PRS,queueing,210421
train,queue,third_person,V;PRS;3;SG,queues,210420
train,mieve,past,V;PST,mieved,162123
train,mieve,participle,V;V.PTCP;PRS,mieving,162122
train,mieve,third_person,V;PRS;3;SG,mieves,162121
train,poleax,past,V;PST,poleaxed,102467
train,poleax,participle,V;V.PTCP;PRS,poleaxing,102466
train,poleax,third_person,V;PRS;3;SG,poleaxes,102465
train,begin,past,V;PST,began,113740
train,begin,participle,V;V.PTCP;PRS,beginning,113739
train,begin,third_person,V;PRS;3;SG,begins,113738
train,hunker,past,V;PST,hunkered,14333
train,hunker,participle,V;V.PTCP;PRS,hunkering,14332
train,hunker,third_person,V;PRS;3;SG,hunkers,14331
train,entwin,past,V;PST,entwinned,70112
train,entwin,participle,V;V.PTCP;PRS,entwinning,70111
train,entwin,third_person,V;PRS;3;SG,entwins,70110
train,hitch,past,V;PST,hitched,19343
train,hitch,participle,V;V.PTCP;PRS,hitching,19342
train,hitch,third_person,V;PRS;3;SG,hitches,19341
train,giftwrap,past,V;PST,giftwrapped,14945
train,giftwrap,participle,V;V.PTCP;PRS,giftwrapping,14944
train,giftwrap,third_person,V;PRS;3;SG,giftwraps,14943
train,tango,past,V;PST,tangoed,133998
train,tango,participle,V;V.PTCP;PRS,tangoing,133997
train,tango,third_person,V;PRS;3;SG,tangoes,133996
train,rebid,past,V;PST,rebid,208680
train,rebid,participle,V;V.PTCP;PRS,rebidding,208679
train,rebid,third_person,V;PRS;3;SG,rebids,208678
train,deionize,past,V;PST,deionized,143070
train,deionize,participle,V;V.PTCP;PRS,deionizing,143069
train,deionize,third_person,V;PRS;3;SG,deionizes,143068
train,degrow,past,V;PST,degrew,117722
train,degrow,participle,V;V.PTCP;PRS,degrowing,117721
train,degrow,third_person,V;PRS;3;SG,degrows,117720
train,hotfoot,past,V;PST,hotfooted,117975
train,hotfoot,participle,V;V.PTCP;PRS,hotfooting,117974
train,hotfoot,third_person,V;PRS;3;SG,hotfoots,117973
train,wag,past,V;PST,wagged,191218
train,wag,participle,V;V.PTCP;PRS,wagging,191217
train,wag,third_person,V;PRS;3;SG,wags,191216
train,outspin,past,V;PST,outspun,91327
train,outspin,participle,V;V.PTCP;PRS,outspinning,91326
train,outspin,third_person,V;PRS;3;SG,outspins,91325
train,legalise,past,V;PST,legalised,93178
train,legalise,participle,V;V.PTCP;PRS,legalising,93177
train,legalise,third_person,V;PRS;3;SG,legalises,93176
train,outrun,past,V;PST,outran,41166
train,outrun,participle,V;V.PTCP;PRS,outrunning,41165
train,outrun,third_person,V;PRS;3;SG,outruns,41164
train,inwork,past,V;PST,inwrought,4663
train,inwork,participle,V;V.PTCP;PRS,inworking,4662
train,inwork,third_person,V;PRS;3;SG,inworks,4661
train,defib,past,V;PST,defibbed,71518
train,defib,participle,V;V.PTCP;PRS,defibbing,71517
train,defib,third_person,V;PRS;3;SG,defibs,71516
train,one,past,V;PST,oned,52268
train,one,participle,V;V.PTCP;PRS,oning,52267
train,one,third_person,V;PRS;3;SG,ones,52266
train,swoop,past,V;PST,swooped,86497
train,swoop,participle,V;V.PTCP;PRS,swooping,86496
train,swoop,third_person,V;PRS;3;SG,swoops,86495
train,chiv,past,V;PST,chivved,106161
train,chiv,participle,V;V.PTCP;PRS,chivving,106160
train,chiv,third_person,V;PRS;3;SG,chivs,106159
train,commit,past,V;PST,committed,171448
train,commit,participle,V;V.PTCP;PRS,committing,171447
train,commit,third_person,V;PRS;3;SG,commits,171446
train,fort,past,V;PST,forted,71871
train,fort,participle,V;V.PTCP;PRS,forting,71870
train,fort,third_person,V;PRS;3;SG,forts,71869
train,fet,past,V;PST,fet,137288
train,fet,participle,V;V.PTCP;PRS,fetting,137287
train,fet,third_person,V;PRS;3;SG,fets,137286
train,forshake,past,V;PST,forshook,97115
train,forshake,participle,V;V.PTCP;PRS,forshaking,97114
train,forshake,third_person,V;PRS;3;SG,forshakes,97113
train,lager,past,V;PST,lagered,166236
train,lager,participle,V;V.PTCP;PRS,lagering,166235
train,lager,third_person,V;PRS;3;SG,lagers,166234
train,unsoothe,past,V;PST,unsoothed,19202
train,unsoothe,participle,V;V.PTCP;PRS,unsoothing,19201
train,unsoothe,third_person,V;PRS;3;SG,unsoothes,19200
train,outshine,past,V;PST,outshone,201151
train,outshine,participle,V;V.PTCP;PRS,outshining,201150
train,outshine,third_person,V;PRS;3;SG,outshines,201149
train,deeme,past,V;PST,deemed,194786
train,deeme,participle,V;V.PTCP;PRS,deeming,194785
train,deeme,third_person,V;PRS;3;SG,deemes,194784
train,sperg,past,V;PST,sperged,167739
train,sperg,participle,V;V.PTCP;PRS,sperging,167738
train,sperg,third_person,V;PRS;3;SG,spergs,167737
train,diary,past,V;PST,diaried,48289
train,diary,participle,V;V.PTCP;PRS,diarying,48288
train,diary,third_person,V;PRS;3;SG,diaries,48287
train,unstable,past,V;PST,unstabled,209956
train,unstable,participle,V;V.PTCP;PRS,unstabling,209955
train,unstable,third_person,V;PRS;3;SG,unstables,209954
train,sun,past,V;PST,sunned,149883
train,sun,participle,V;V.PTCP;PRS,sunning,149882
train,sun,third_person,V;PRS;3;SG,suns,149881
train,disunify,past,V;PST,disunified,202418
train,disunify,participle,V;V.PTCP;PRS,disunifying,202417
train,disunify,third_person,V;PRS;3;SG,disunifies,202416
train,live,past,V;PST,lived,217299
train,live,participle,V;V.PTCP;PRS,living,217298
train,live,third_person,V;PRS;3;SG,lives,217297
train,picaroon,past,V;PST,picarooned,203694
train,picaroon,participle,V;V.PTCP;PRS,picarooning,203693
train,picaroon,third_person,V;PRS;3;SG,picaroons,203692
train,tress,past,V;PST,tressed,203586
train,tress,participle,V;V.PTCP;PRS,tressing,203585
train,tress,third_person,V;PRS;3;SG,tresses,203584
train,subtag,past,V;PST,subtagged,157305
train,subtag,participle,V;V.PTCP;PRS,subtagging,157304
train,subtag,third_person,V;PRS;3;SG,subtags,157303
train,embrace,past,V;PST,embraced,27131
train,embrace,participle,V;V.PTCP;PRS,embracing,27130
train,embrace,third_person,V;PRS;3;SG,embraces,27129
train,glug,past,V;PST,glugged,12264
train,glug,participle,V;V.PTCP;PRS,glugging,12263
train,glug,third_person,V;PRS;3;SG,glugs,12262
train,rocket,past,V;PST,rocketed,107665
train,rocket,participle,V;V.PTCP;PRS,rocketing,107664
train,rocket,third_person,V;PRS;3;SG,rockets,107663
train,crater,past,V;PST,cratered,19486
train,crater,participle,V;V.PTCP;PRS,cratering,19485
train,crater,third_person,V;PRS;3;SG,craters,19484
train,muckrake,past,V;PST,muckraked,85213
train,muckrake,participle,V;V.PTCP;PRS,muckraking,85212
train,muckrake,third_person,V;PRS;3;SG,muckrakes,85211
train,overhaul,past,V;PST,overhauled,83359
train,overhaul,participle,V;V.PTCP;PRS,overhauling,83358
train,overhaul,third_person,V;PRS;3;SG,overhauls,83357
train,unhive,past,V;PST,unhived,210051
train,unhive,participle,V;V.PTCP;PRS,unhiving,210050
train,unhive,third_person,V;PRS;3;SG,unhives,210049
train,splooge,past,V;PST,splooged,14174
train,splooge,participle,V;V.PTCP;PRS,splooging,14173
train,splooge,third_person,V;PRS;3;SG,splooges,14172
train,telepath,past,V;PST,telepathed,170308
train,telepath,participle,V;V.PTCP;PRS,telepathing,170307
train,telepath,third_person,V;PRS;3;SG,telepaths,170306
train,giddyup,past,V;PST,giddyuped,102698
train,giddyup,participle,V;V.PTCP;PRS,giddyuping,102697
train,giddyup,third_person,V;PRS;3;SG,giddyups,102696
train,depetal,past,V;PST,depetalled,176313
train,depetal,participle,V;V.PTCP;PRS,depetalling,176312
train,depetal,third_person,V;PRS;3;SG,depetals,176311
train,age,past,V;PST,aged,121409
train,age,participle,V;V.PTCP;PRS,ageing,121408
train,age,third_person,V;PRS;3;SG,ages,121407
train,deadleg,past,V;PST,deadlegged,219121
train,deadleg,participle,V;V.PTCP;PRS,deadlegging,219120
train,deadleg,third_person,V;PRS;3;SG,deadlegs,219119
train,calorize,past,V;PST,calorized,71487
train,calorize,participle,V;V.PTCP;PRS,calorizing,71486
train,calorize,third_person,V;PRS;3;SG,calorizes,71485
train,reannex,past,V;PST,reannexed,154840
train,reannex,participle,V;V.PTCP;PRS,reannexing,154839
train,reannex,third_person,V;PRS;3;SG,reannexes,154838
train,twiddle,past,V;PST,twiddled,180118
train,twiddle,participle,V;V.PTCP;PRS,twiddling,180117
train,twiddle,third_person,V;PRS;3;SG,twiddles,180116
train,hacksaw,past,V;PST,hacksawed,90474
train,hacksaw,participle,V;V.PTCP;PRS,hacksawing,90473
train,hacksaw,third_person,V;PRS;3;SG,hacksaws,90472
train,wattle,past,V;PST,wattled,141403
train,wattle,participle,V;V.PTCP;PRS,wattling,141402
train,wattle,third_person,V;PRS;3;SG,wattles,141401
train,shingle,past,V;PST,shingled,8138
train,shingle,participle,V;V.PTCP;PRS,shingling,8137
train,shingle,third_person,V;PRS;3;SG,shingles,8136
train,pant,past,V;PST,panted,67431
train,pant,participle,V;V.PTCP;PRS,panting,67430
train,pant,third_person,V;PRS;3;SG,pants,67429
train,unease,past,V;PST,uneased,94136
train,unease,participle,V;V.PTCP;PRS,uneasing,94135
train,unease,third_person,V;PRS;3;SG,uneases,94134
train,resinize,past,V;PST,resinized,214243
train,resinize,participle,V;V.PTCP;PRS,resinizing,214242
train,resinize,third_person,V;PRS;3;SG,resinizes,214241
train,cartwhip,past,V;PST,cartwhipped,96027
train,cartwhip,participle,V;V.PTCP;PRS,cartwhipping,96026
train,cartwhip,third_person,V;PRS;3;SG,cartwhips,96025
train,survise,past,V;PST,survised,28453
train,survise,participle,V;V.PTCP;PRS,survising,28452
train,survise,third_person,V;PRS;3;SG,survises,28451
train,grouch,past,V;PST,grouched,156738
train,grouch,participle,V;V.PTCP;PRS,grouching,156737
train,grouch,third_person,V;PRS;3;SG,grouches,156736
train,prettify,past,V;PST,prettified,139100
train,prettify,participle,V;V.PTCP;PRS,prettifying,139099
train,prettify,third_person,V;PRS;3;SG,prettifies,139098
train,rescript,past,V;PST,rescripted,31522
train,rescript,participle,V;V.PTCP;PRS,rescripting,31521
train,rescript,third_person,V;PRS;3;SG,rescripts,31520
train,voice,past,V;PST,voiced,120162
train,voice,participle,V;V.PTCP;PRS,voicing,120161
train,voice,third_person,V;PRS;3;SG,voices,120160
train,enmuffle,past,V;PST,enmuffled,44293
train,enmuffle,participle,V;V.PTCP;PRS,enmuffling,44292
train,enmuffle,third_person,V;PRS;3;SG,enmuffles,44291
train,plow,past,V;PST,plowed,219991
train,plow,participle,V;V.PTCP;PRS,plowing,219990
train,plow,third_person,V;PRS;3;SG,plows,219989
train,unplait,past,V;PST,unplaited,209992
train,unplait,participle,V;V.PTCP;PRS,unplaiting,209991
train,unplait,third_person,V;PRS;3;SG,unplaits,209990
train,infill,past,V;PST,infilled,84797
train,infill,participle,V;V.PTCP;PRS,infilling,84796
train,infill,third_person,V;PRS;3;SG,infills,84795
train,skillet,past,V;PST,skilleted,156572
train,skillet,participle,V;V.PTCP;PRS,skilleting,156571
train,skillet,third_person,V;PRS;3;SG,skillets,156570
train,chagrine,past,V;PST,chagrined,40368
train,chagrine,participle,V;V.PTCP;PRS,chagrining,40367
train,chagrine,third_person,V;PRS;3;SG,chagrines,40366
train,declense,past,V;PST,declensed,55229
train,declense,participle,V;V.PTCP;PRS,declensing,55228
train,declense,third_person,V;PRS;3;SG,declenses,55227
train,overlive,past,V;PST,overlived,196244
train,overlive,participle,V;V.PTCP;PRS,overliving,196243
train,overlive,third_person,V;PRS;3;SG,overlives,196242
train,bode,past,V;PST,boded,109926
train,bode,participle,V;V.PTCP;PRS,boding,109925
train,bode,third_person,V;PRS;3;SG,bodes,109924
train,brustle,past,V;PST,brustled,16979
train,brustle,participle,V;V.PTCP;PRS,brustling,16978
train,brustle,third_person,V;PRS;3;SG,brustles,16977
train,undertip,past,V;PST,undertipped,66044
train,undertip,participle,V;V.PTCP;PRS,undertipping,66043
train,undertip,third_person,V;PRS;3;SG,undertips,66042
train,pincer,past,V;PST,pincered,140734
train,pincer,participle,V;V.PTCP;PRS,pincering,140733
train,pincer,third_person,V;PRS;3;SG,pincers,140732
train,futz,past,V;PST,futzed,37472
train,futz,participle,V;V.PTCP;PRS,futzing,37471
train,futz,third_person,V;PRS;3;SG,futzes,37470
train,outspan,past,V;PST,outspanned,165391
train,outspan,participle,V;V.PTCP;PRS,outspanning,165390
train,outspan,third_person,V;PRS;3;SG,outspans,165389
train,malpose,past,V;PST,malposed,113198
train,malpose,participle,V;V.PTCP;PRS,malposing,113197
train,malpose,third_person,V;PRS;3;SG,malposes,113196
train,lube,past,V;PST,lubed,127019
train,lube,participle,V;V.PTCP;PRS,lubing,127018
train,lube,third_person,V;PRS;3;SG,lubes,127017
train,boom,past,V;PST,boomed,147788
train,boom,participle,V;V.PTCP;PRS,booming,147787
train,boom,third_person,V;PRS;3;SG,booms,147786
train,paralyse,past,V;PST,paralysed,14284
train,paralyse,participle,V;V.PTCP;PRS,paralysing,14283
train,paralyse,third_person,V;PRS;3;SG,paralyses,14282
train,parasol,past,V;PST,parasoled,195023
train,parasol,participle,V;V.PTCP;PRS,parasoling,195022
train,parasol,third_person,V;PRS;3;SG,parasols,195021
train,schlomp,past,V;PST,schlomped,189233
train,schlomp,participle,V;V.PTCP;PRS,schlomping,189232
train,schlomp,third_person,V;PRS;3;SG,schlomps,189231
train,prank,past,V;PST,pranked,219246
train,prank,participle,V;V.PTCP;PRS,pranking,219245
train,prank,third_person,V;PRS;3;SG,pranks,219244
train,turney,past,V;PST,turneyed,93086
train,turney,participle,V;V.PTCP;PRS,turneying,93085
train,turney,third_person,V;PRS;3;SG,turneys,93084
train,disapply,past,V;PST,disapplied,42577
train,disapply,participle,V;V.PTCP;PRS,disapplying,42576
train,disapply,third_person,V;PRS;3;SG,disapplies,42575
train,potion,past,V;PST,potioned,214349
train,potion,participle,V;V.PTCP;PRS,potioning,214348
train,potion,third_person,V;PRS;3;SG,potions,214347
train,quirt,past,V;PST,quirted,48720
train,quirt,participle,V;V.PTCP;PRS,quirting,48719
train,quirt,third_person,V;PRS;3;SG,quirts,48718
train,startle,past,V;PST,startled,127866
train,startle,participle,V;V.PTCP;PRS,startling,127865
train,startle,third_person,V;PRS;3;SG,startles,127864
train,vista,past,V;PST,vistaed,158811
train,vista,participle,V;V.PTCP;PRS,vistaing,158810
train,vista,third_person,V;PRS;3;SG,vistas,158809
train,overurge,past,V;PST,overurged,29917
train,overurge,participle,V;V.PTCP;PRS,overurging,29916
train,overurge,third_person,V;PRS;3;SG,overurges,29915
train,idolise,past,V;PST,idolised,29874
train,idolise,participle,V;V.PTCP;PRS,idolising,29873
train,idolise,third_person,V;PRS;3;SG,idolises,29872
train,oceanize,past,V;PST,oceanized,124899
train,oceanize,participle,V;V.PTCP;PRS,oceanizing,124898
train,oceanize,third_person,V;PRS;3;SG,oceanizes,124897
train,ostent,past,V;PST,ostented,133774
train,ostent,participle,V;V.PTCP;PRS,ostenting,133773
train,ostent,third_person,V;PRS;3;SG,ostents,133772
train,bemete,past,V;PST,bemeted,168234
train,bemete,participle,V;V.PTCP;PRS,bemeting,168233
train,bemete,third_person,V;PRS;3;SG,bemetes,168232
train,shirr,past,V;PST,shirred,100882
train,shirr,participle,V;V.PTCP;PRS,shirring,100881
train,shirr,third_person,V;PRS;3;SG,shirrs,100880
train,uptoss,past,V;PST,uptossed,114255
train,uptoss,participle,V;V.PTCP;PRS,uptossing,114254
train,uptoss,third_person,V;PRS;3;SG,uptosses,114253
train,flannel,past,V;PST,flanneled,67649
train,flannel,participle,V;V.PTCP;PRS,flanneling,67648
train,flannel,third_person,V;PRS;3;SG,flannels,67647
train,rase,past,V;PST,rased,133593
train,rase,participle,V;V.PTCP;PRS,rasing,133592
train,rase,third_person,V;PRS;3;SG,rases,133591
train,privish,past,V;PST,privished,144469
train,privish,participle,V;V.PTCP;PRS,privishing,144468
train,privish,third_person,V;PRS;3;SG,privishes,144467
train,betassel,past,V;PST,betasselled,218990
train,betassel,participle,V;V.PTCP;PRS,betasselling,218989
train,betassel,third_person,V;PRS;3;SG,betassels,218988
train,teargas,past,V;PST,teargassed,217405
train,teargas,participle,V;V.PTCP;PRS,teargassing,217404
train,teargas,third_person,V;PRS;3;SG,teargases,217403
train,unmute,past,V;PST,unmuted,75487
train,unmute,participle,V;V.PTCP;PRS,unmuting,75486
train,unmute,third_person,V;PRS;3;SG,unmutes,75485
train,jalouse,past,V;PST,jaloused,66376
train,jalouse,participle,V;V.PTCP;PRS,jalousing,66375
train,jalouse,third_person,V;PRS;3;SG,jalouses,66374
train,bumphle,past,V;PST,bumphled,116837
train,bumphle,participle,V;V.PTCP;PRS,bumphling,116836
train,bumphle,third_person,V;PRS;3;SG,bumphles,116835
train,grave,past,V;PST,graved,168214
train,grave,participle,V;V.PTCP;PRS,graving,168213
train,grave,third_person,V;PRS;3;SG,graves,168212
train,rethatch,past,V;PST,rethatched,89975
train,rethatch,participle,V;V.PTCP;PRS,rethatching,89974
train,rethatch,third_person,V;PRS;3;SG,rethatches,89973
train,medal,past,V;PST,medaled,58423
train,medal,participle,V;V.PTCP;PRS,medaling,58422
train,medal,third_person,V;PRS;3;SG,medals,58421
train,chaunce,past,V;PST,chaunced,41989
train,chaunce,participle,V;V.PTCP;PRS,chauncing,41988
train,chaunce,third_person,V;PRS;3;SG,chaunces,41987
train,petition,past,V;PST,petitioned,46521
train,petition,participle,V;V.PTCP;PRS,petitioning,46520
train,petition,third_person,V;PRS;3;SG,petitions,46519
train,overtry,past,V;PST,overtried,27549
train,overtry,participle,V;V.PTCP;PRS,overtrying,27548
train,overtry,third_person,V;PRS;3;SG,overtries,27547
train,unflag,past,V;PST,unflagged,39138
train,unflag,participle,V;V.PTCP;PRS,unflagging,39137
train,unflag,third_person,V;PRS;3;SG,unflags,39136
train,widdle,past,V;PST,widdled,213560
train,widdle,participle,V;V.PTCP;PRS,widdling,213559
train,widdle,third_person,V;PRS;3;SG,widdles,213558
train,erect,past,V;PST,erected,79582
train,erect,participle,V;V.PTCP;PRS,erecting,79581
train,erect,third_person,V;PRS;3;SG,erects,79580
train,sulfuret,past,V;PST,sulfuretted,101074
train,sulfuret,participle,V;V.PTCP;PRS,sulfuretting,101073
train,sulfuret,third_person,V;PRS;3;SG,sulfurets,101072
train,flare,past,V;PST,flared,176344
train,flare,participle,V;V.PTCP;PRS,flaring,176343
train,flare,third_person,V;PRS;3;SG,flares,176342
train,lustrate,past,V;PST,lustrated,201921
train,lustrate,participle,V;V.PTCP;PRS,lustrating,201920
train,lustrate,third_person,V;PRS;3;SG,lustrates,201919
train,wangle,past,V;PST,wangled,170646
train,wangle,participle,V;V.PTCP;PRS,wangling,170645
train,wangle,third_person,V;PRS;3;SG,wangles,170644
train,excave,past,V;PST,excaved,97480
train,excave,participle,V;V.PTCP;PRS,excaving,97479
train,excave,third_person,V;PRS;3;SG,excaves,97478
train,stockade,past,V;PST,stockaded,144287
train,stockade,participle,V;V.PTCP;PRS,stockading,144286
train,stockade,third_person,V;PRS;3;SG,stockades,144285
train,reblog,past,V;PST,reblogged,70853
train,reblog,participle,V;V.PTCP;PRS,reblogging,70852
train,reblog,third_person,V;PRS;3;SG,reblogs,70851
train,scruple,past,V;PST,scrupled,30787
train,scruple,participle,V;V.PTCP;PRS,scrupling,30786
train,scruple,third_person,V;PRS;3;SG,scruples,30785
train,probate,past,V;PST,probated,209161
train,probate,participle,V;V.PTCP;PRS,probating,209160
train,probate,third_person,V;PRS;3;SG,probates,209159
train,pun,past,V;PST,punned,40591
train,pun,participle,V;V.PTCP;PRS,punning,40590
train,pun,third_person,V;PRS;3;SG,puns,40589
train,perpend,past,V;PST,perpended,199878
train,perpend,participle,V;V.PTCP;PRS,perpending,199877
train,perpend,third_person,V;PRS;3;SG,perpends,199876
train,ref,past,V;PST,reffed,184415
train,ref,participle,V;V.PTCP;PRS,reffing,184414
train,ref,third_person,V;PRS;3;SG,refs,184413
train,injure,past,V;PST,injured,208572
train,injure,participle,V;V.PTCP;PRS,injuring,208571
train,injure,third_person,V;PRS;3;SG,injures,208570
train,kithe,past,V;PST,kithed,175399
train,kithe,participle,V;V.PTCP;PRS,kithing,175398
train,kithe,third_person,V;PRS;3;SG,kithes,175397
train,whinge,past,V;PST,whinged,191353
train,whinge,participle,V;V.PTCP;PRS,whingeing,191352
train,whinge,third_person,V;PRS;3;SG,whinges,191351
train,icefish,past,V;PST,icefished,126223
train,icefish,participle,V;V.PTCP;PRS,icefishing,126222
train,icefish,third_person,V;PRS;3;SG,icefishes,126221
train,borrowe,past,V;PST,borrowed,147736
train,borrowe,participle,V;V.PTCP;PRS,borrowing,147735
train,borrowe,third_person,V;PRS;3;SG,borrowes,147734
train,interbed,past,V;PST,interbedded,188152
train,interbed,participle,V;V.PTCP;PRS,interbedding,188151
train,interbed,third_person,V;PRS;3;SG,interbeds,188150
train,habble,past,V;PST,habbled,44646
train,habble,participle,V;V.PTCP;PRS,habbling,44645
train,habble,third_person,V;PRS;3;SG,habbles,44644
train,empayre,past,V;PST,empayred,151355
train,empayre,participle,V;V.PTCP;PRS,empayring,151354
train,empayre,third_person,V;PRS;3;SG,empayres,151353
train,smock,past,V;PST,smocked,179586
train,smock,participle,V;V.PTCP;PRS,smocking,179585
train,smock,third_person,V;PRS;3;SG,smocks,179584
train,besow,past,V;PST,besowed,207182
train,besow,participle,V;V.PTCP;PRS,besowing,207181
train,besow,third_person,V;PRS;3;SG,besows,207180
train,initiate,past,V;PST,initiated,67609
train,initiate,participle,V;V.PTCP;PRS,initiating,67608
train,initiate,third_person,V;PRS;3;SG,initiates,67607
train,agrise,past,V;PST,agrised,165119
train,agrise,participle,V;V.PTCP;PRS,agrising,165118
train,agrise,third_person,V;PRS;3;SG,agrises,165117
train,vernate,past,V;PST,vernated,200367
train,vernate,participle,V;V.PTCP;PRS,vernating,200366
train,vernate,third_person,V;PRS;3;SG,vernates,200365
train,pixelate,past,V;PST,pixelated,62073
train,pixelate,participle,V;V.PTCP;PRS,pixelating,62072
train,pixelate,third_person,V;PRS;3;SG,pixelates,62071
train,denuke,past,V;PST,denuked,33922
train,denuke,participle,V;V.PTCP;PRS,denuking,33921
train,denuke,third_person,V;PRS;3;SG,denukes,33920
train,jury,past,V;PST,juried,211616
train,jury,participle,V;V.PTCP;PRS,jurying,211615
train,jury,third_person,V;PRS;3;SG,juries,211614
train,mediate,past,V;PST,mediated,63912
train,mediate,participle,V;V.PTCP;PRS,mediating,63911
train,mediate,third_person,V;PRS;3;SG,mediates,63910
train,sleaze,past,V;PST,sleazed,165165
train,sleaze,participle,V;V.PTCP;PRS,sleazing,165164
train,sleaze,third_person,V;PRS;3;SG,sleazes,165163
train,bestick,past,V;PST,bestuck,109212
train,bestick,participle,V;V.PTCP;PRS,besticking,109211
train,bestick,third_person,V;PRS;3;SG,besticks,109210
train,regulise,past,V;PST,regulised,80970
train,regulise,participle,V;V.PTCP;PRS,regulising,80969
train,regulise,third_person,V;PRS;3;SG,regulises,80968
train,halloo,past,V;PST,hallooed,213120
train,halloo,participle,V;V.PTCP;PRS,hallooing,213119
train,halloo,third_person,V;PRS;3;SG,halloos,213118
train,unsew,past,V;PST,unsewed,106455
train,unsew,participle,V;V.PTCP;PRS,unsewing,106454
train,unsew,third_person,V;PRS;3;SG,unsews,106453
train,lighter,past,V;PST,lightered,13525
train,lighter,participle,V;V.PTCP;PRS,lightering,13524
train,lighter,third_person,V;PRS;3;SG,lighters,13523
train,caveat,past,V;PST,caveated,91;222
train,caveat,participle,V;V.PTCP;PRS,caveating,90;221
train,caveat,third_person,V;PRS;3;SG,caveats,89;220
train,gash,past,V;PST,gashed,10899
train,gash,participle,V;V.PTCP;PRS,gashing,10898
train,gash,third_person,V;PRS;3;SG,gashes,10897
train,flipple,past,V;PST,flippled,9073
train,flipple,participle,V;V.PTCP;PRS,flippling,9072
train,flipple,third_person,V;PRS;3;SG,flipples,9071
train,speedy,past,V;PST,speedied,95376
train,speedy,participle,V;V.PTCP;PRS,speedying,95375
train,speedy,third_person,V;PRS;3;SG,speedies,95374
train,overpay,past,V;PST,overpaid,137775
train,overpay,participle,V;V.PTCP;PRS,overpaying,137774
train,overpay,third_person,V;PRS;3;SG,overpays,137773
train,book,past,V;PST,booked,187223
train,book,participle,V;V.PTCP;PRS,booking,187222
train,book,third_person,V;PRS;3;SG,books,187221
train,rearrive,past,V;PST,rearrived,32741
train,rearrive,participle,V;V.PTCP;PRS,rearriving,32740
train,rearrive,third_person,V;PRS;3;SG,rearrives,32739
train,wimple,past,V;PST,wimpled,108597
train,wimple,participle,V;V.PTCP;PRS,wimpling,108596
train,wimple,third_person,V;PRS;3;SG,wimples,108595
train,rapine,past,V;PST,rapined,207514
train,rapine,participle,V;V.PTCP;PRS,rapining,207513
train,rapine,third_person,V;PRS;3;SG,rapines,207512
train,commote,past,V;PST,commoted,116043
train,commote,participle,V;V.PTCP;PRS,commoting,116042
train,commote,third_person,V;PRS;3;SG,commotes,116041
train,huxter,past,V;PST,huxtered,82527
train,huxter,participle,V;V.PTCP;PRS,huxtering,82526
train,huxter,third_person,V;PRS;3;SG,huxters,82525
train,bearhug,past,V;PST,bearhugged,49041
train,bearhug,participle,V;V.PTCP;PRS,bearhugging,49040
train,bearhug,third_person,V;PRS;3;SG,bearhugs,49039
train,unscale,past,V;PST,unscaled,206955
train,unscale,participle,V;V.PTCP;PRS,unscaling,206954
train,unscale,third_person,V;PRS;3;SG,unscales,206953
train,ridge,past,V;PST,ridged,101416
train,ridge,participle,V;V.PTCP;PRS,ridging,101415
train,ridge,third_person,V;PRS;3;SG,ridges,101414
train,unmasque,past,V;PST,unmasqued,85791
train,unmasque,participle,V;V.PTCP;PRS,unmasquing,85790
train,unmasque,third_person,V;PRS;3;SG,unmasques,85789
train,atspring,past,V;PST,atsprang,180629
train,atspring,participle,V;V.PTCP;PRS,atspringing,180628
train,atspring,third_person,V;PRS;3;SG,atsprings,180627
train,inroad,past,V;PST,inroaded,100136
train,inroad,participle,V;V.PTCP;PRS,inroading,100135
train,inroad,third_person,V;PRS;3;SG,inroads,100134
train,sissify,past,V;PST,sissified,4277
train,sissify,participle,V;V.PTCP;PRS,sissifying,4276
train,sissify,third_person,V;PRS;3;SG,sissifies,4275
train,enrobe,past,V;PST,enrobed,112237
train,enrobe,participle,V;V.PTCP;PRS,enrobing,112236
train,enrobe,third_person,V;PRS;3;SG,enrobes,112235
train,chirpse,past,V;PST,chirpsed,120041
train,chirpse,participle,V;V.PTCP;PRS,chirpsing,120040
train,chirpse,third_person,V;PRS;3;SG,chirpses,120039
train,nuss,past,V;PST,nussed,84666
train,nuss,participle,V;V.PTCP;PRS,nussing,84665
train,nuss,third_person,V;PRS;3;SG,nusses,84664
train,bespin,past,V;PST,bespun,96454
train,bespin,participle,V;V.PTCP;PRS,bespinning,96453
train,bespin,third_person,V;PRS;3;SG,bespins,96452
train,decypher,past,V;PST,decyphered,39757
train,decypher,participle,V;V.PTCP;PRS,decyphering,39756
train,decypher,third_person,V;PRS;3;SG,decyphers,39755
train,lignify,past,V;PST,lignified,128205
train,lignify,participle,V;V.PTCP;PRS,lignifying,128204
train,lignify,third_person,V;PRS;3;SG,lignifies,128203
train,sken,past,V;PST,skenned,143481
train,sken,participle,V;V.PTCP;PRS,skenning,143480
train,sken,third_person,V;PRS;3;SG,skens,143479
train,welt,past,V;PST,welted,103425
train,welt,participle,V;V.PTCP;PRS,welting,103424
train,welt,third_person,V;PRS;3;SG,welts,103423
train,rot,past,V;PST,rotted,189214
train,rot,participle,V;V.PTCP;PRS,rotting,189213
train,rot,third_person,V;PRS;3;SG,rots,189212
train,distaste,past,V;PST,distasted,20712
train,distaste,participle,V;V.PTCP;PRS,distasting,20711
train,distaste,third_person,V;PRS;3;SG,distastes,20710
train,borry,past,V;PST,borried,139108
train,borry,participle,V;V.PTCP;PRS,borrying,139107
train,borry,third_person,V;PRS;3;SG,borries,139106
train,resplice,past,V;PST,respliced,138741
train,resplice,participle,V;V.PTCP;PRS,resplicing,138740
train,resplice,third_person,V;PRS;3;SG,resplices,138739
train,titer,past,V;PST,titered,47502
train,titer,participle,V;V.PTCP;PRS,titering,47501
train,titer,third_person,V;PRS;3;SG,titers,47500
train,outflow,past,V;PST,outflowed,203086
train,outflow,participle,V;V.PTCP;PRS,outflowing,203085
train,outflow,third_person,V;PRS;3;SG,outflows,203084
train,freeball,past,V;PST,freeballed,117354
train,freeball,participle,V;V.PTCP;PRS,freeballing,117353
train,freeball,third_person,V;PRS;3;SG,freeballs,117352
train,reek,past,V;PST,reeked,197707
train,reek,participle,V;V.PTCP;PRS,reeking,197706
train,reek,third_person,V;PRS;3;SG,reeks,197705
train,rebias,past,V;PST,rebiased,60084
train,rebias,participle,V;V.PTCP;PRS,rebiasing,60083
train,rebias,third_person,V;PRS;3;SG,rebiases,60082
train,rebush,past,V;PST,rebushed,18884
train,rebush,participle,V;V.PTCP;PRS,rebushing,18883
train,rebush,third_person,V;PRS;3;SG,rebushes,18882
train,denize,past,V;PST,denized,1624
train,denize,participle,V;V.PTCP;PRS,denizing,1623
train,denize,third_person,V;PRS;3;SG,denizes,1622
train,gang,past,V;PST,ganged,149604
train,gang,participle,V;V.PTCP;PRS,ganging,149603
train,gang,third_person,V;PRS;3;SG,gangs,149602
train,coalify,past,V;PST,coalified,203896
train,coalify,participle,V;V.PTCP;PRS,coalifying,203895
train,coalify,third_person,V;PRS;3;SG,coalifies,203894
train,foist,past,V;PST,foisted,135285
train,foist,participle,V;V.PTCP;PRS,foisting,135284
train,foist,third_person,V;PRS;3;SG,foists,135283
train,shyster,past,V;PST,shystered,9765
train,shyster,participle,V;V.PTCP;PRS,shystering,9764
train,shyster,third_person,V;PRS;3;SG,shysters,9763
train,outbrake,past,V;PST,outbraked,80028
train,outbrake,participle,V;V.PTCP;PRS,outbraking,80027
train,outbrake,third_person,V;PRS;3;SG,outbrakes,80026
train,slink,past,V;PST,slunk,202926
train,slink,participle,V;V.PTCP;PRS,slinking,202925
train,slink,third_person,V;PRS;3;SG,slinks,202924
train,bare,past,V;PST,bared,66430
train,bare,participle,V;V.PTCP;PRS,baring,66429
train,bare,third_person,V;PRS;3;SG,bares,66428
train,excuss,past,V;PST,excussed,87417
train,excuss,participle,V;V.PTCP;PRS,excussing,87416
train,excuss,third_person,V;PRS;3;SG,excusses,87415
train,orphan,past,V;PST,orphaned,81184
train,orphan,participle,V;V.PTCP;PRS,orphaning,81183
train,orphan,third_person,V;PRS;3;SG,orphans,81182
train,recircle,past,V;PST,recircled,100540
train,recircle,participle,V;V.PTCP;PRS,recircling,100539
train,recircle,third_person,V;PRS;3;SG,recircles,100538
train,airship,past,V;PST,airshipped,158187
train,airship,participle,V;V.PTCP;PRS,airshipping,158186
train,airship,third_person,V;PRS;3;SG,airships,158185
train,drive,past,V;PST,drove,182809
train,drive,participle,V;V.PTCP;PRS,driving,182808
train,drive,third_person,V;PRS;3;SG,drives,182807
train,reswell,past,V;PST,reswelled,80673
train,reswell,participle,V;V.PTCP;PRS,reswelling,80672
train,reswell,third_person,V;PRS;3;SG,reswells,80671
train,crudle,past,V;PST,crudled,22136
train,crudle,participle,V;V.PTCP;PRS,crudling,22135
train,crudle,third_person,V;PRS;3;SG,crudles,22134
train,trek,past,V;PST,trekked,41422
train,trek,participle,V;V.PTCP;PRS,trekking,41421
train,trek,third_person,V;PRS;3;SG,treks,41420
train,scove,past,V;PST,scoved,183732
train,scove,participle,V;V.PTCP;PRS,scoving,183731
train,scove,third_person,V;PRS;3;SG,scoves,183730
train,detwin,past,V;PST,detwinned,47297
train,detwin,participle,V;V.PTCP;PRS,detwinning,47296
train,detwin,third_person,V;PRS;3;SG,detwins,47295
train,nuncle,past,V;PST,nuncled,164149
train,nuncle,participle,V;V.PTCP;PRS,nuncling,164148
train,nuncle,third_person,V;PRS;3;SG,nuncles,164147
train,inrage,past,V;PST,inraged,8959
train,inrage,participle,V;V.PTCP;PRS,inraging,8958
train,inrage,third_person,V;PRS;3;SG,inrages,8957
train,shammy,past,V;PST,shammied,108750
train,shammy,participle,V;V.PTCP;PRS,shammying,108749
train,shammy,third_person,V;PRS;3;SG,shammies,108748
train,finch,past,V;PST,finched,214513
train,finch,participle,V;V.PTCP;PRS,finching,214512
train,finch,third_person,V;PRS;3;SG,finches,214511
train,mound,past,V;PST,mounded,174329
train,mound,participle,V;V.PTCP;PRS,mounding,174328
train,mound,third_person,V;PRS;3;SG,mounds,174327
train,keelhale,past,V;PST,keelhaled,68817
train,keelhale,participle,V;V.PTCP;PRS,keelhaling,68816
train,keelhale,third_person,V;PRS;3;SG,keelhales,68815
train,horse,past,V;PST,horsed,174696
train,horse,participle,V;V.PTCP;PRS,horsing,174695
train,horse,third_person,V;PRS;3;SG,horses,174694
train,scrub,past,V;PST,scrubbed,128617
train,scrub,participle,V;V.PTCP;PRS,scrubbing,128616
train,scrub,third_person,V;PRS;3;SG,scrubs,128615
train,plink,past,V;PST,plinked,56089
train,plink,participle,V;V.PTCP;PRS,plinking,56088
train,plink,third_person,V;PRS;3;SG,plinks,56087
train,crumple,past,V;PST,crumpled,39096
train,crumple,participle,V;V.PTCP;PRS,crumpling,39095
train,crumple,third_person,V;PRS;3;SG,crumples,39094
train,prebuild,past,V;PST,prebuilt,215354
train,prebuild,participle,V;V.PTCP;PRS,prebuilding,215353
train,prebuild,third_person,V;PRS;3;SG,prebuilds,215352
train,concrete,past,V;PST,concreted,22793
train,concrete,participle,V;V.PTCP;PRS,concreting,22792
train,concrete,third_person,V;PRS;3;SG,concretes,22791
train,phrase,past,V;PST,phrased,63777
train,phrase,participle,V;V.PTCP;PRS,phrasing,63776
train,phrase,third_person,V;PRS;3;SG,phrases,63775
train,slur,past,V;PST,slurred,195994
train,slur,participle,V;V.PTCP;PRS,slurring,195993
train,slur,third_person,V;PRS;3;SG,slurs,195992
train,redoubt,past,V;PST,redoubted,8314
train,redoubt,participle,V;V.PTCP;PRS,redoubting,8313
train,redoubt,third_person,V;PRS;3;SG,redoubts,8312
train,regulize,past,V;PST,regulized,129558
train,regulize,participle,V;V.PTCP;PRS,regulizing,129557
train,regulize,third_person,V;PRS;3;SG,regulizes,129556
train,redelete,past,V;PST,redeleted,181566
train,redelete,participle,V;V.PTCP;PRS,redeleting,181565
train,redelete,third_person,V;PRS;3;SG,redeletes,181564
train,unpatch,past,V;PST,unpatched,174317
train,unpatch,participle,V;V.PTCP;PRS,unpatching,174316
train,unpatch,third_person,V;PRS;3;SG,unpatches,174315
train,jabber,past,V;PST,jabbered,178813
train,jabber,participle,V;V.PTCP;PRS,jabbering,178812
train,jabber,third_person,V;PRS;3;SG,jabbers,178811
train,mock,past,V;PST,mocked,89436
train,mock,participle,V;V.PTCP;PRS,mocking,89435
train,mock,third_person,V;PRS;3;SG,mocks,89434
train,chink,past,V;PST,chinked,208882
train,chink,participle,V;V.PTCP;PRS,chinking,208881
train,chink,third_person,V;PRS;3;SG,chinks,208880
train,splotch,past,V;PST,splotched,19917
train,splotch,participle,V;V.PTCP;PRS,splotching,19916
train,splotch,third_person,V;PRS;3;SG,splotches,19915
train,twine,past,V;PST,twined,19989
train,twine,participle,V;V.PTCP;PRS,twining,19988
train,twine,third_person,V;PRS;3;SG,twines,19987
train,tension,past,V;PST,tensioned,96801
train,tension,participle,V;V.PTCP;PRS,tensioning,96800
train,tension,third_person,V;PRS;3;SG,tensions,96799
train,outrush,past,V;PST,outrushed,44755
train,outrush,participle,V;V.PTCP;PRS,outrushing,44754
train,outrush,third_person,V;PRS;3;SG,outrushes,44753
train,crump,past,V;PST,crumped,3401
train,crump,participle,V;V.PTCP;PRS,crumping,3400
train,crump,third_person,V;PRS;3;SG,crumps,3399
train,overtrim,past,V;PST,overtrimmed,178991
train,overtrim,participle,V;V.PTCP;PRS,overtrimming,178990
train,overtrim,third_person,V;PRS;3;SG,overtrims,178989
train,dabble,past,V;PST,dabbled,118921
train,dabble,participle,V;V.PTCP;PRS,dabbling,118920
train,dabble,third_person,V;PRS;3;SG,dabbles,118919
train,nommus,past,V;PST,nommused,46220
train,nommus,participle,V;V.PTCP;PRS,nommusing,46219
train,nommus,third_person,V;PRS;3;SG,nommuses,46218
train,begeck,past,V;PST,begecked,121565
train,begeck,participle,V;V.PTCP;PRS,begecking,121564
train,begeck,third_person,V;PRS;3;SG,begecks,121563
train,xpost,past,V;PST,xposted,60297
train,xpost,participle,V;V.PTCP;PRS,xposting,60296
train,xpost,third_person,V;PRS;3;SG,xposts,60295
train,cognosce,past,V;PST,cognosced,19624
train,cognosce,participle,V;V.PTCP;PRS,cognoscing,19623
train,cognosce,third_person,V;PRS;3;SG,cognosces,19622
train,repel,past,V;PST,repelled,101767
train,repel,participle,V;V.PTCP;PRS,repelling,101766
train,repel,third_person,V;PRS;3;SG,repels,101765
train,spree,past,V;PST,spreed,186082
train,spree,participle,V;V.PTCP;PRS,spreeing,186081
train,spree,third_person,V;PRS;3;SG,sprees,186080
train,splinter,past,V;PST,splintered,122973
train,splinter,participle,V;V.PTCP;PRS,splintering,122972
train,splinter,third_person,V;PRS;3;SG,splinters,122971
train,enemy,past,V;PST,enemied,142608
train,enemy,participle,V;V.PTCP;PRS,enemying,142607
train,enemy,third_person,V;PRS;3;SG,enemies,142606
train,wise,past,V;PST,wised,104055
train,wise,participle,V;V.PTCP;PRS,wising,104054
train,wise,third_person,V;PRS;3;SG,wises,104053
train,verb,past,V;PST,verbed,185881
train,verb,participle,V;V.PTCP;PRS,verbing,185880
train,verb,third_person,V;PRS;3;SG,verbs,185879
train,ripple,past,V;PST,rippled,82917
train,ripple,participle,V;V.PTCP;PRS,rippling,82916
train,ripple,third_person,V;PRS;3;SG,ripples,82915
train,fissle,past,V;PST,fissled,207610
train,fissle,participle,V;V.PTCP;PRS,fissling,207609
train,fissle,third_person,V;PRS;3;SG,fissles,207608
train,dade,past,V;PST,daded,168997
train,dade,participle,V;V.PTCP;PRS,dading,168996
train,dade,third_person,V;PRS;3;SG,dades,168995
train,beknave,past,V;PST,beknaved,32481
train,beknave,participle,V;V.PTCP;PRS,beknaving,32480
train,beknave,third_person,V;PRS;3;SG,beknaves,32479
train,depurate,past,V;PST,depurated,202991
train,depurate,participle,V;V.PTCP;PRS,depurating,202990
train,depurate,third_person,V;PRS;3;SG,depurates,202989
train,king,past,V;PST,kinged,191675
train,king,participle,V;V.PTCP;PRS,kinging,191674
train,king,third_person,V;PRS;3;SG,kings,191673
train,topcoat,past,V;PST,topcoated,102754
train,topcoat,participle,V;V.PTCP;PRS,topcoating,102753
train,topcoat,third_person,V;PRS;3;SG,topcoats,102752
train,strumpet,past,V;PST,strumpeted,13586
train,strumpet,participle,V;V.PTCP;PRS,strumpeting,13585
train,strumpet,third_person,V;PRS;3;SG,strumpets,13584
train,expense,past,V;PST,expensed,6630
train,expense,participle,V;V.PTCP;PRS,expensing,6629
train,expense,third_person,V;PRS;3;SG,expenses,6628
train,autotype,past,V;PST,autotyped,194106
train,autotype,participle,V;V.PTCP;PRS,autotyping,194105
train,autotype,third_person,V;PRS;3;SG,autotypes,194104
train,review,past,V;PST,reviewed,216613
train,review,participle,V;V.PTCP;PRS,reviewing,216612
train,review,third_person,V;PRS;3;SG,reviews,216611
train,gimble,past,V;PST,gimbled,213902
train,gimble,participle,V;V.PTCP;PRS,gimbling,213901
train,gimble,third_person,V;PRS;3;SG,gimbles,213900
train,unsend,past,V;PST,unsent,210234
train,unsend,participle,V;V.PTCP;PRS,unsending,210233
train,unsend,third_person,V;PRS;3;SG,unsends,210232
train,dropkick,past,V;PST,dropkicked,124472
train,dropkick,participle,V;V.PTCP;PRS,dropkicking,124471
train,dropkick,third_person,V;PRS;3;SG,dropkicks,124470
train,lamp,past,V;PST,lamped,39656
train,lamp,participle,V;V.PTCP;PRS,lamping,39655
train,lamp,third_person,V;PRS;3;SG,lamps,39654
train,pester,past,V;PST,pestered,70581
train,pester,participle,V;V.PTCP;PRS,pestering,70580
train,pester,third_person,V;PRS;3;SG,pesters,70579
train,outsell,past,V;PST,outsold,215587
train,outsell,participle,V;V.PTCP;PRS,outselling,215586
train,outsell,third_person,V;PRS;3;SG,outsells,215585
train,hockle,past,V;PST,hockled,103464
train,hockle,participle,V;V.PTCP;PRS,hockling,103463
train,hockle,third_person,V;PRS;3;SG,hockles,103462
train,stave,past,V;PST,staved,67764
train,stave,participle,V;V.PTCP;PRS,staving,67763
train,stave,third_person,V;PRS;3;SG,staves,67762
train,cavitate,past,V;PST,cavitated,126399
train,cavitate,participle,V;V.PTCP;PRS,cavitating,126398
train,cavitate,third_person,V;PRS;3;SG,cavitates,126397
train,secede,past,V;PST,seceded,110469
train,secede,participle,V;V.PTCP;PRS,seceding,110468
train,secede,third_person,V;PRS;3;SG,secedes,110467
train,extubate,past,V;PST,extubated,68126
train,extubate,participle,V;V.PTCP;PRS,extubating,68125
train,extubate,third_person,V;PRS;3;SG,extubates,68124
train,outpeep,past,V;PST,outpeeped,210901
train,outpeep,participle,V;V.PTCP;PRS,outpeeping,210900
train,outpeep,third_person,V;PRS;3;SG,outpeeps,210899
train,encrease,past,V;PST,encreased,208530
train,encrease,participle,V;V.PTCP;PRS,encreasing,208529
train,encrease,third_person,V;PRS;3;SG,encreases,208528
train,tritiate,past,V;PST,tritiated,85075
train,tritiate,participle,V;V.PTCP;PRS,tritiating,85074
train,tritiate,third_person,V;PRS;3;SG,tritiates,85073
train,squonk,past,V;PST,squonked,59612
train,squonk,participle,V;V.PTCP;PRS,squonking,59611
train,squonk,third_person,V;PRS;3;SG,squonks,59610
train,waw,past,V;PST,wawed,96672
train,waw,participle,V;V.PTCP;PRS,wawing,96671
train,waw,third_person,V;PRS;3;SG,waws,96670
train,loathe,past,V;PST,loathed,180333
train,loathe,participle,V;V.PTCP;PRS,loathing,180332
train,loathe,third_person,V;PRS;3;SG,loathes,180331
train,outflush,past,V;PST,outflushed,5035
train,outflush,participle,V;V.PTCP;PRS,outflushing,5034
train,outflush,third_person,V;PRS;3;SG,outflushes,5033
train,alligate,past,V;PST,alligated,133617
train,alligate,participle,V;V.PTCP;PRS,alligating,133616
train,alligate,third_person,V;PRS;3;SG,alligates,133615
train,overpass,past,V;PST,overpassed,4093
train,overpass,participle,V;V.PTCP;PRS,overpassing,4092
train,overpass,third_person,V;PRS;3;SG,overpasses,4091
train,umbrate,past,V;PST,umbrated,54248
train,umbrate,participle,V;V.PTCP;PRS,umbrating,54247
train,umbrate,third_person,V;PRS;3;SG,umbrates,54246
train,keen,past,V;PST,keened,132703
train,keen,participle,V;V.PTCP;PRS,keening,132702
train,keen,third_person,V;PRS;3;SG,keens,132701
train,tirl,past,V;PST,tirled,210945
train,tirl,participle,V;V.PTCP;PRS,tirling,210944
train,tirl,third_person,V;PRS;3;SG,tirls,210943
train,ghillie,past,V;PST,ghillied,49611
train,ghillie,participle,V;V.PTCP;PRS,ghillying,49610
train,ghillie,third_person,V;PRS;3;SG,ghillies,49609
train,refry,past,V;PST,refried,190869
train,refry,participle,V;V.PTCP;PRS,refrying,190868
train,refry,third_person,V;PRS;3;SG,refries,190867
train,fibrose,past,V;PST,fibrosed,137250
train,fibrose,participle,V;V.PTCP;PRS,fibrosing,137249
train,fibrose,third_person,V;PRS;3;SG,fibroses,137248
train,grotch,past,V;PST,grotched,2002
train,grotch,participle,V;V.PTCP;PRS,grotching,2001
train,grotch,third_person,V;PRS;3;SG,grotches,2000
train,boing,past,V;PST,boinged,102050
train,boing,participle,V;V.PTCP;PRS,boinging,102049
train,boing,third_person,V;PRS;3;SG,boings,102048
train,peruse,past,V;PST,perused,198463
train,peruse,participle,V;V.PTCP;PRS,perusing,198462
train,peruse,third_person,V;PRS;3;SG,peruses,198461
train,spang,past,V;PST,spanged,155164
train,spang,participle,V;V.PTCP;PRS,spanging,155163
train,spang,third_person,V;PRS;3;SG,spangs,155162
train,precum,past,V;PST,precame,174587
train,precum,participle,V;V.PTCP;PRS,precumming,174586
train,precum,third_person,V;PRS;3;SG,precums,174585
train,propulse,past,V;PST,propulsed,60669
train,propulse,participle,V;V.PTCP;PRS,propulsing,60668
train,propulse,third_person,V;PRS;3;SG,propulses,60667
train,worke,past,V;PST,worked,83231
train,worke,participle,V;V.PTCP;PRS,working,83230
train,worke,third_person,V;PRS;3;SG,workes,83229
train,premiss,past,V;PST,premissed,174123
train,premiss,participle,V;V.PTCP;PRS,premissing,174122
train,premiss,third_person,V;PRS;3;SG,premisses,174121
train,resalute,past,V;PST,resaluted,9966
train,resalute,participle,V;V.PTCP;PRS,resaluting,9965
train,resalute,third_person,V;PRS;3;SG,resalutes,9964
train,mislie,past,V;PST,mislay,19934
train,mislie,participle,V;V.PTCP;PRS,mislying,19933
train,mislie,third_person,V;PRS;3;SG,mislies,19932
train,trustee,past,V;PST,trusteed,202085
train,trustee,participle,V;V.PTCP;PRS,trusteeing,202084
train,trustee,third_person,V;PRS;3;SG,trustees,202083
train,neg,past,V;PST,negged,98903
train,neg,participle,V;V.PTCP;PRS,negging,98902
train,neg,third_person,V;PRS;3;SG,negs,98901
train,mewl,past,V;PST,mewled,39592
train,mewl,participle,V;V.PTCP;PRS,mewling,39591
train,mewl,third_person,V;PRS;3;SG,mewls,39590
train,blather,past,V;PST,blathered,99108
train,blather,participle,V;V.PTCP;PRS,blathering,99107
train,blather,third_person,V;PRS;3;SG,blathers,99106
train,shoehorn,past,V;PST,shoehorned,152739
train,shoehorn,participle,V;V.PTCP;PRS,shoehorning,152738
train,shoehorn,third_person,V;PRS;3;SG,shoehorns,152737
train,religate,past,V;PST,religated,96381
train,religate,participle,V;V.PTCP;PRS,religating,96380
train,religate,third_person,V;PRS;3;SG,religates,96379
train,chap,past,V;PST,chapped,209094
train,chap,participle,V;V.PTCP;PRS,chapping,209093
train,chap,third_person,V;PRS;3;SG,chaps,209092
train,slab,past,V;PST,slabbed,88074
train,slab,participle,V;V.PTCP;PRS,slabbing,88073
train,slab,third_person,V;PRS;3;SG,slabs,88072
train,pig,past,V;PST,pigged,22889
train,pig,participle,V;V.PTCP;PRS,pigging,22888
train,pig,third_person,V;PRS;3;SG,pigs,22887
train,garnish,past,V;PST,garnished,194475
train,garnish,participle,V;V.PTCP;PRS,garnishing,194474
train,garnish,third_person,V;PRS;3;SG,garnishes,194473
train,squizz,past,V;PST,squizzed,103697
train,squizz,participle,V;V.PTCP;PRS,squizzing,103696
train,squizz,third_person,V;PRS;3;SG,squizzes,103695
train,kick,past,V;PST,kicked,172024
train,kick,participle,V;V.PTCP;PRS,kicking,172023
train,kick,third_person,V;PRS;3;SG,kicks,172022
train,fiat,past,V;PST,fiated,95137
train,fiat,participle,V;V.PTCP;PRS,fiating,95136
train,fiat,third_person,V;PRS;3;SG,fiats,95135
train,crate,past,V;PST,crated,28368
train,crate,participle,V;V.PTCP;PRS,crating,28367
train,crate,third_person,V;PRS;3;SG,crates,28366
train,swear,past,V;PST,swore,147941
train,swear,participle,V;V.PTCP;PRS,swearing,147940
train,swear,third_person,V;PRS;3;SG,swears,147939
train,sofa,past,V;PST,sofaed,185358
train,sofa,participle,V;V.PTCP;PRS,sofaing,185357
train,sofa,third_person,V;PRS;3;SG,sofas,185356
train,sext,past,V;PST,sexted,137355
train,sext,participle,V;V.PTCP;PRS,sexting,137354
train,sext,third_person,V;PRS;3;SG,sexts,137353
train,overbody,past,V;PST,overbodied,154757
train,overbody,participle,V;V.PTCP;PRS,overbodying,154756
train,overbody,third_person,V;PRS;3;SG,overbodies,154755
train,beswink,past,V;PST,beswank,90706
train,beswink,participle,V;V.PTCP;PRS,beswinking,90705
train,beswink,third_person,V;PRS;3;SG,beswinks,90704
train,deadhead,past,V;PST,deadheaded,163463
train,deadhead,participle,V;V.PTCP;PRS,deadheading,163462
train,deadhead,third_person,V;PRS;3;SG,deadheads,163461
train,gander,past,V;PST,gandered,149831
train,gander,participle,V;V.PTCP;PRS,gandering,149830
train,gander,third_person,V;PRS;3;SG,ganders,149829
train,attempre,past,V;PST,attempred,57936
train,attempre,participle,V;V.PTCP;PRS,attempring,57935
train,attempre,third_person,V;PRS;3;SG,attempres,57934
train,beam,past,V;PST,beamed,147727
train,beam,participle,V;V.PTCP;PRS,beaming,147726
train,beam,third_person,V;PRS;3;SG,beams,147725
train,camrip,past,V;PST,camripped,69449
train,camrip,participle,V;V.PTCP;PRS,camripping,69448
train,camrip,third_person,V;PRS;3;SG,camrips,69447
train,devoice,past,V;PST,devoiced,144180
train,devoice,participle,V;V.PTCP;PRS,devoicing,144179
train,devoice,third_person,V;PRS;3;SG,devoices,144178
train,fleck,past,V;PST,flecked,150320
train,fleck,participle,V;V.PTCP;PRS,flecking,150319
train,fleck,third_person,V;PRS;3;SG,flecks,150318
train,lift,past,V;PST,lifted,143710
train,lift,participle,V;V.PTCP;PRS,lifting,143709
train,lift,third_person,V;PRS;3;SG,lifts,143708
train,curlicue,past,V;PST,curlicued,116549
train,curlicue,participle,V;V.PTCP;PRS,curlicuing,116548
train,curlicue,third_person,V;PRS;3;SG,curlicues,116547
train,crit,past,V;PST,critted,28232
train,crit,participle,V;V.PTCP;PRS,critting,28231
train,crit,third_person,V;PRS;3;SG,crits,28230
train,mung,past,V;PST,munged,70875
train,mung,participle,V;V.PTCP;PRS,munging,70874
train,mung,third_person,V;PRS;3;SG,mungs,70873
train,portion,past,V;PST,portioned,13702
train,portion,participle,V;V.PTCP;PRS,portioning,13701
train,portion,third_person,V;PRS;3;SG,portions,13700
train,voxelate,past,V;PST,voxelated,10199
train,voxelate,participle,V;V.PTCP;PRS,voxelating,10198
train,voxelate,third_person,V;PRS;3;SG,voxelates,10197
train,refuse,past,V;PST,refused,177466
train,refuse,participle,V;V.PTCP;PRS,refusing,177465
train,refuse,third_person,V;PRS;3;SG,refuses,177464
train,eke,past,V;PST,eked,114321
train,eke,participle,V;V.PTCP;PRS,eking,114320
train,eke,third_person,V;PRS;3;SG,ekes,114319
train,sciss,past,V;PST,scissed,68746
train,sciss,participle,V;V.PTCP;PRS,scissing,68745
train,sciss,third_person,V;PRS;3;SG,scisses,68744
train,grace,past,V;PST,graced,92928
train,grace,participle,V;V.PTCP;PRS,gracing,92927
train,grace,third_person,V;PRS;3;SG,graces,92926
train,slock,past,V;PST,slocked,198220
train,slock,participle,V;V.PTCP;PRS,slocking,198219
train,slock,third_person,V;PRS;3;SG,slocks,198218
train,inshrine,past,V;PST,inshrined,161492
train,inshrine,participle,V;V.PTCP;PRS,inshrining,161491
train,inshrine,third_person,V;PRS;3;SG,inshrines,161490
train,swarve,past,V;PST,swarved,56573
train,swarve,participle,V;V.PTCP;PRS,swarving,56572
train,swarve,third_person,V;PRS;3;SG,swarves,56571
train,dignify,past,V;PST,dignified,72373
train,dignify,participle,V;V.PTCP;PRS,dignifying,72372
train,dignify,third_person,V;PRS;3;SG,dignifies,72371
train,manscape,past,V;PST,manscaped,96309
train,manscape,participle,V;V.PTCP;PRS,manscaping,96308
train,manscape,third_person,V;PRS;3;SG,manscapes,96307
train,overfix,past,V;PST,overfixed,44190
train,overfix,participle,V;V.PTCP;PRS,overfixing,44189
train,overfix,third_person,V;PRS;3;SG,overfixes,44188
train,sour,past,V;PST,soured,153859
train,sour,participle,V;V.PTCP;PRS,souring,153858
train,sour,third_person,V;PRS;3;SG,sours,153857
train,behate,past,V;PST,behated,167031
train,behate,participle,V;V.PTCP;PRS,behating,167030
train,behate,third_person,V;PRS;3;SG,behates,167029
train,wed,past,V;PST,wedded,129855
train,wed,participle,V;V.PTCP;PRS,wedding,129854
train,wed,third_person,V;PRS;3;SG,weds,129853
train,watusi,past,V;PST,watusied,193037
train,watusi,participle,V;V.PTCP;PRS,watusiing,193036
train,watusi,third_person,V;PRS;3;SG,watusis,193035
train,freckle,past,V;PST,freckled,81737
train,freckle,participle,V;V.PTCP;PRS,freckling,81736
train,freckle,third_person,V;PRS;3;SG,freckles,81735
train,esterize,past,V;PST,esterized,138344
train,esterize,participle,V;V.PTCP;PRS,esterizing,138343
train,esterize,third_person,V;PRS;3;SG,esterizes,138342
train,blore,past,V;PST,blored,194371
train,blore,participle,V;V.PTCP;PRS,bloring,194370
train,blore,third_person,V;PRS;3;SG,blores,194369
train,belay,past,V;PST,belayed,103004
train,belay,participle,V;V.PTCP;PRS,belaying,103003
train,belay,third_person,V;PRS;3;SG,belays,103002
train,outpress,past,V;PST,outpressed,171237
train,outpress,participle,V;V.PTCP;PRS,outpressing,171236
train,outpress,third_person,V;PRS;3;SG,outpresses,171235
train,answer,past,V;PST,answered,123586
train,answer,participle,V;V.PTCP;PRS,answering,123585
train,answer,third_person,V;PRS;3;SG,answers,123584
train,pervert,past,V;PST,perverted,37386
train,pervert,participle,V;V.PTCP;PRS,perverting,37385
train,pervert,third_person,V;PRS;3;SG,perverts,37384
train,nutshot,past,V;PST,nutshot,201660
train,nutshot,participle,V;V.PTCP;PRS,nutshotting,201659
train,nutshot,third_person,V;PRS;3;SG,nutshots,201658
train,enforce,past,V;PST,enforced,17376
train,enforce,participle,V;V.PTCP;PRS,enforcing,17375
train,enforce,third_person,V;PRS;3;SG,enforces,17374
train,upstart,past,V;PST,upstarted,171736
train,upstart,participle,V;V.PTCP;PRS,upstarting,171735
train,upstart,third_person,V;PRS;3;SG,upstarts,171734
train,collar,past,V;PST,collared,169756
train,collar,participle,V;V.PTCP;PRS,collaring,169755
train,collar,third_person,V;PRS;3;SG,collars,169754
train,subclass,past,V;PST,subclassed,203310
train,subclass,participle,V;V.PTCP;PRS,subclassing,203309
train,subclass,third_person,V;PRS;3;SG,subclasses,203308
train,mousle,past,V;PST,mousled,154963
train,mousle,participle,V;V.PTCP;PRS,mousling,154962
train,mousle,third_person,V;PRS;3;SG,mousles,154961
train,fluidify,past,V;PST,fluidified,17237
train,fluidify,participle,V;V.PTCP;PRS,fluidifying,17236
train,fluidify,third_person,V;PRS;3;SG,fluidifies,17235
train,betrench,past,V;PST,betrenched,112142
train,betrench,participle,V;V.PTCP;PRS,betrenching,112141
train,betrench,third_person,V;PRS;3;SG,betrenches,112140
train,wrestle,past,V;PST,wrestled,168192
train,wrestle,participle,V;V.PTCP;PRS,wrestling,168191
train,wrestle,third_person,V;PRS;3;SG,wrestles,168190
train,skivvy,past,V;PST,skivvied,131478
train,skivvy,participle,V;V.PTCP;PRS,skivvying,131477
train,skivvy,third_person,V;PRS;3;SG,skivvies,131476
train,halse,past,V;PST,halsed,135463
train,halse,participle,V;V.PTCP;PRS,halsing,135462
train,halse,third_person,V;PRS;3;SG,halses,135461
train,fondue,past,V;PST,fondued,110557
train,fondue,participle,V;V.PTCP;PRS,fonduing,110556
train,fondue,third_person,V;PRS;3;SG,fondues,110555
train,rabble,past,V;PST,rabbled,91565
train,rabble,participle,V;V.PTCP;PRS,rabbling,91564
train,rabble,third_person,V;PRS;3;SG,rabbles,91563
train,outmate,past,V;PST,outmated,42922
train,outmate,participle,V;V.PTCP;PRS,outmating,42921
train,outmate,third_person,V;PRS;3;SG,outmates,42920
train,uniquify,past,V;PST,uniquified,61569
train,uniquify,participle,V;V.PTCP;PRS,uniquifying,61568
train,uniquify,third_person,V;PRS;3;SG,uniquifies,61567
train,reincise,past,V;PST,reincised,33240
train,reincise,participle,V;V.PTCP;PRS,reincising,33239
train,reincise,third_person,V;PRS;3;SG,reincises,33238
train,prevene,past,V;PST,prevened,121574
train,prevene,participle,V;V.PTCP;PRS,prevening,121573
train,prevene,third_person,V;PRS;3;SG,prevenes,121572
train,dibs,past,V;PST,dibsed,108355
train,dibs,participle,V;V.PTCP;PRS,dibsing,108354
train,dibs,third_person,V;PRS;3;SG,dibses,108353
train,slide,past,V;PST,slid,177265
train,slide,participle,V;V.PTCP;PRS,sliding,177264
train,slide,third_person,V;PRS;3;SG,slides,177263
train,stean,past,V;PST,steaned,75080
train,stean,participle,V;V.PTCP;PRS,steaning,75079
train,stean,third_person,V;PRS;3;SG,steans,75078
train,relace,past,V;PST,relaced,40959
train,relace,participle,V;V.PTCP;PRS,relacing,40958
train,relace,third_person,V;PRS;3;SG,relaces,40957
train,grove,past,V;PST,groved,166643
train,grove,participle,V;V.PTCP;PRS,groving,166642
train,grove,third_person,V;PRS;3;SG,groves,166641
train,geld,past,V;PST,gelded,176157
train,geld,participle,V;V.PTCP;PRS,gelding,176156
train,geld,third_person,V;PRS;3;SG,gelds,176155
train,flyblow,past,V;PST,flyblew,78459
train,flyblow,participle,V;V.PTCP;PRS,flyblowing,78458
train,flyblow,third_person,V;PRS;3;SG,flyblows,78457
train,bedaggle,past,V;PST,bedaggled,69576
train,bedaggle,participle,V;V.PTCP;PRS,bedaggling,69575
train,bedaggle,third_person,V;PRS;3;SG,bedaggles,69574
train,checksum,past,V;PST,checksummed,184521
train,checksum,participle,V;V.PTCP;PRS,checksumming,184520
train,checksum,third_person,V;PRS;3;SG,checksums,184519
train,scarph,past,V;PST,scarphed,201871
train,scarph,participle,V;V.PTCP;PRS,scarphing,201870
train,scarph,third_person,V;PRS;3;SG,scarphs,201869
train,misbede,past,V;PST,misbode,98077
train,misbede,participle,V;V.PTCP;PRS,misbeding,98076
train,misbede,third_person,V;PRS;3;SG,misbedes,98075
train,refly,past,V;PST,reflew,164643
train,refly,participle,V;V.PTCP;PRS,reflying,164642
train,refly,third_person,V;PRS;3;SG,reflies,164641
train,betrim,past,V;PST,betrimmed,100196
train,betrim,participle,V;V.PTCP;PRS,betrimming,100195
train,betrim,third_person,V;PRS;3;SG,betrims,100194
train,loue,past,V;PST,loued,179031
train,loue,participle,V;V.PTCP;PRS,louing,179030
train,loue,third_person,V;PRS;3;SG,loues,179029
train,shortcut,past,V;PST,shortcutted,101174
train,shortcut,participle,V;V.PTCP;PRS,shortcutting,101173
train,shortcut,third_person,V;PRS;3;SG,shortcuts,101172
train,bale,past,V;PST,baled,192137
train,bale,participle,V;V.PTCP;PRS,baling,192136
train,bale,third_person,V;PRS;3;SG,bales,192135
train,reburse,past,V;PST,rebursed,103039
train,reburse,participle,V;V.PTCP;PRS,rebursing,103038
train,reburse,third_person,V;PRS;3;SG,reburses,103037
train,preadmit,past,V;PST,preadmitted,150581
train,preadmit,participle,V;V.PTCP;PRS,preadmitting,150580
train,preadmit,third_person,V;PRS;3;SG,preadmits,150579
train,lord,past,V;PST,lorded,112898
train,lord,participle,V;V.PTCP;PRS,lording,112897
train,lord,third_person,V;PRS;3;SG,lords,112896
train,unsettle,past,V;PST,unsettled,8922
train,unsettle,participle,V;V.PTCP;PRS,unsettling,8921
train,unsettle,third_person,V;PRS;3;SG,unsettles,8920
train,nidify,past,V;PST,nidified,150051
train,nidify,participle,V;V.PTCP;PRS,nidifying,150050
train,nidify,third_person,V;PRS;3;SG,nidifies,150049
train,shoulder,past,V;PST,shouldered,16018
train,shoulder,participle,V;V.PTCP;PRS,shouldering,16017
train,shoulder,third_person,V;PRS;3;SG,shoulders,16016
train,compress,past,V;PST,compressed,203521
train,compress,participle,V;V.PTCP;PRS,compressing,203520
train,compress,third_person,V;PRS;3;SG,compresses,203519
train,nutmeg,past,V;PST,nutmegged,110629
train,nutmeg,participle,V;V.PTCP;PRS,nutmegging,110628
train,nutmeg,third_person,V;PRS;3;SG,nutmegs,110627
train,sade,past,V;PST,saded,128681
train,sade,participle,V;V.PTCP;PRS,sading,128680
train,sade,third_person,V;PRS;3;SG,sades,128679
train,ontake,past,V;PST,ontook,155313
train,ontake,participle,V;V.PTCP;PRS,ontaking,155312
train,ontake,third_person,V;PRS;3;SG,ontakes,155311
train,glout,past,V;PST,glouted,68472
train,glout,participle,V;V.PTCP;PRS,glouting,68471
train,glout,third_person,V;PRS;3;SG,glouts,68470
train,accrease,past,V;PST,accreased,17940
train,accrease,participle,V;V.PTCP;PRS,accreasing,17939
train,accrease,third_person,V;PRS;3;SG,accreases,17938
development,emmove,past,V;PST,emmoved,72868
development,emmove,participle,V;V.PTCP;PRS,emmoving,72867
development,emmove,third_person,V;PRS;3;SG,emmoves,72866
development,offtake,past,V;PST,offtook,87812
development,offtake,participle,V;V.PTCP;PRS,offtaking,87811
development,offtake,third_person,V;PRS;3;SG,offtakes,87810
development,seaze,past,V;PST,seazed,138826
development,seaze,participle,V;V.PTCP;PRS,seazing,138825
development,seaze,third_person,V;PRS;3;SG,seazes,138824
development,brow,past,V;PST,browed,37856
development,brow,participle,V;V.PTCP;PRS,browing,37855
development,brow,third_person,V;PRS;3;SG,brows,37854
development,unsub,past,V;PST,unsubbed,49127
development,unsub,participle,V;V.PTCP;PRS,unsubbing,49126
development,unsub,third_person,V;PRS;3;SG,unsubs,49125
development,forehand,past,V;PST,forehanded,113421
development,forehand,participle,V;V.PTCP;PRS,forehanding,113420
development,forehand,third_person,V;PRS;3;SG,forehands,113419
development,outshame,past,V;PST,outshamed,195057
development,outshame,participle,V;V.PTCP;PRS,outshaming,195056
development,outshame,third_person,V;PRS;3;SG,outshames,195055
development,overman,past,V;PST,overmanned,124593
development,overman,participle,V;V.PTCP;PRS,overmanning,124592
development,overman,third_person,V;PRS;3;SG,overmans,124591
development,gag,past,V;PST,gagged,40997
development,gag,participle,V;V.PTCP;PRS,gagging,40996
development,gag,third_person,V;PRS;3;SG,gags,40995
development,chipper,past,V;PST,chippered,66899
development,chipper,participle,V;V.PTCP;PRS,chippering,66898
development,chipper,third_person,V;PRS;3;SG,chippers,66897
development,spoiler,past,V;PST,spoilered,185895
development,spoiler,participle,V;V.PTCP;PRS,spoilering,185894
development,spoiler,third_person,V;PRS;3;SG,spoilers,185893
development,tonicify,past,V;PST,tonicified,48000
development,tonicify,participle,V;V.PTCP;PRS,tonicifying,47999
development,tonicify,third_person,V;PRS;3;SG,tonicifies,47998
development,kayfabe,past,V;PST,kayfabed,126674
development,kayfabe,participle,V;V.PTCP;PRS,kayfabing,126673
development,kayfabe,third_person,V;PRS;3;SG,kayfabes,126672
development,paralyze,past,V;PST,paralyzed,148201
development,paralyze,participle,V;V.PTCP;PRS,paralyzing,148200
development,paralyze,third_person,V;PRS;3;SG,paralyzes,148199
development,potch,past,V;PST,potched,35213
development,potch,participle,V;V.PTCP;PRS,potching,35212
development,potch,third_person,V;PRS;3;SG,potches,35211
development,begaze,past,V;PST,begazed,57747
development,begaze,participle,V;V.PTCP;PRS,begazing,57746
development,begaze,third_person,V;PRS;3;SG,begazes,57745
development,fuzz,past,V;PST,fuzzed,36128
development,fuzz,participle,V;V.PTCP;PRS,fuzzing,36127
development,fuzz,third_person,V;PRS;3;SG,fuzzes,36126
development,volve,past,V;PST,volved,23593
development,volve,participle,V;V.PTCP;PRS,volving,23592
development,volve,third_person,V;PRS;3;SG,volves,23591
development,destroy,past,V;PST,destroyed,184666
development,destroy,participle,V;V.PTCP;PRS,destroying,184665
development,destroy,third_person,V;PRS;3;SG,destroys,184664
development,hamble,past,V;PST,hambled,50083
development,hamble,participle,V;V.PTCP;PRS,hambling,50082
development,hamble,third_person,V;PRS;3;SG,hambles,50081
development,plump,past,V;PST,plumped,45274
development,plump,participle,V;V.PTCP;PRS,plumping,45273
development,plump,third_person,V;PRS;3;SG,plumps,45272
development,infant,past,V;PST,infanted,167854
development,infant,participle,V;V.PTCP;PRS,infanting,167853
development,infant,third_person,V;PRS;3;SG,infants,167852
development,lens,past,V;PST,lensed,5985
development,lens,participle,V;V.PTCP;PRS,lensing,5984
development,lens,third_person,V;PRS;3;SG,lenses,5983
development,canvas,past,V;PST,canvased,91012
development,canvas,participle,V;V.PTCP;PRS,canvasing,91011
development,canvas,third_person,V;PRS;3;SG,canvases,91010
development,yahoo,past,V;PST,yahooed,214463
development,yahoo,participle,V;V.PTCP;PRS,yahooing,214462
development,yahoo,third_person,V;PRS;3;SG,yahoos,214461
development,blech,past,V;PST,bleched,13535
development,blech,participle,V;V.PTCP;PRS,bleching,13534
development,blech,third_person,V;PRS;3;SG,bleches,13533
development,voyage,past,V;PST,voyaged,33559
development,voyage,participle,V;V.PTCP;PRS,voyaging,33558
development,voyage,third_person,V;PRS;3;SG,voyages,33557
development,outplace,past,V;PST,outplaced,36960
development,outplace,participle,V;V.PTCP;PRS,outplacing,36959
development,outplace,third_person,V;PRS;3;SG,outplaces,36958
development,hidate,past,V;PST,hidated,49194
development,hidate,participle,V;V.PTCP;PRS,hidating,49193
development,hidate,third_person,V;PRS;3;SG,hidates,49192
development,telecine,past,V;PST,telecined,87267
development,telecine,participle,V;V.PTCP;PRS,telecining,87266
development,telecine,third_person,V;PRS;3;SG,telecines,87265
development,picture,past,V;PST,pictured,99847
development,picture,participle,V;V.PTCP;PRS,picturing,99846
development,picture,third_person,V;PRS;3;SG,pictures,99845
development,fiz,past,V;PST,fizzed,16220
development,fiz,participle,V;V.PTCP;PRS,fizzing,16219
development,fiz,third_person,V;PRS;3;SG,fizzes,16218
development,blow,past,V;PST,blew,148892
development,blow,participle,V;V.PTCP;PRS,blowing,148891
development,blow,third_person,V;PRS;3;SG,blows,148890
development,package,past,V;PST,packaged,132145
development,package,participle,V;V.PTCP;PRS,packaging,132144
development,package,third_person,V;PRS;3;SG,packages,132143
development,serue,past,V;PST,serued,144320
development,serue,participle,V;V.PTCP;PRS,seruing,144319
development,serue,third_person,V;PRS;3;SG,serues,144318
development,invert,past,V;PST,inverted,211927
development,invert,participle,V;V.PTCP;PRS,inverting,211926
development,invert,third_person,V;PRS;3;SG,inverts,211925
development,defy,past,V;PST,defied,15986
development,defy,participle,V;V.PTCP;PRS,defying,15985
development,defy,third_person,V;PRS;3;SG,defies,15984
development,pungle,past,V;PST,pungled,77;208
development,pungle,participle,V;V.PTCP;PRS,pungling,76;207
development,pungle,third_person,V;PRS;3;SG,pungles,75;206
development,serge,past,V;PST,serged,197238
development,serge,participle,V;V.PTCP;PRS,serging,197237
development,serge,third_person,V;PRS;3;SG,serges,197236
development,wrassle,past,V;PST,wrassled,25568
development,wrassle,participle,V;V.PTCP;PRS,wrassling,25567
development,wrassle,third_person,V;PRS;3;SG,wrassles,25566
development,theorem,past,V;PST,theoremed,211741
development,theorem,participle,V;V.PTCP;PRS,theoreming,211740
development,theorem,third_person,V;PRS;3;SG,theorems,211739
development,misavise,past,V;PST,misavised,177644
development,misavise,participle,V;V.PTCP;PRS,misavising,177643
development,misavise,third_person,V;PRS;3;SG,misavises,177642
development,beach,past,V;PST,beached,128929
development,beach,participle,V;V.PTCP;PRS,beaching,128928
development,beach,third_person,V;PRS;3;SG,beaches,128927
development,preseed,past,V;PST,preseeded,101315
development,preseed,participle,V;V.PTCP;PRS,preseeding,101314
development,preseed,third_person,V;PRS;3;SG,preseeds,101313
development,zigzag,past,V;PST,zigzagged,69357
development,zigzag,participle,V;V.PTCP;PRS,zigzagging,69356
development,zigzag,third_person,V;PRS;3;SG,zigzags,69355
development,besmooch,past,V;PST,besmooched,67247
development,besmooch,participle,V;V.PTCP;PRS,besmooching,67246
development,besmooch,third_person,V;PRS;3;SG,besmooches,67245
development,kife,past,V;PST,kifed,21770
development,kife,participle,V;V.PTCP;PRS,kifing,21769
development,kife,third_person,V;PRS;3;SG,kifes,21768
development,inbear,past,V;PST,inbore,21448
development,inbear,participle,V;V.PTCP;PRS,inbearing,21447
development,inbear,third_person,V;PRS;3;SG,inbears,21446
development,increase,past,V;PST,increased,36338
development,increase,participle,V;V.PTCP;PRS,increasing,36337
development,increase,third_person,V;PRS;3;SG,increases,36336
development,snell,past,V;PST,snelled,121508
development,snell,participle,V;V.PTCP;PRS,snelling,121507
development,snell,third_person,V;PRS;3;SG,snells,121506
development,unflex,past,V;PST,unflexed,79891
development,unflex,participle,V;V.PTCP;PRS,unflexing,79890
development,unflex,third_person,V;PRS;3;SG,unflexes,79889
development,unsnap,past,V;PST,unsnapped,189976
development,unsnap,participle,V;V.PTCP;PRS,unsnapping,189975
development,unsnap,third_person,V;PRS;3;SG,unsnaps,189974
development,foreshew,past,V;PST,foreshewed,126850
development,foreshew,participle,V;V.PTCP;PRS,foreshewing,126849
development,foreshew,third_person,V;PRS;3;SG,foreshews,126848
development,packet,past,V;PST,packeted,148771
development,packet,participle,V;V.PTCP;PRS,packeting,148770
development,packet,third_person,V;PRS;3;SG,packets,148769
development,vye,past,V;PST,vyed,70904
development,vye,participle,V;V.PTCP;PRS,vying,70903
development,vye,third_person,V;PRS;3;SG,vyes,70902
development,conglobe,past,V;PST,conglobed,123334
development,conglobe,participle,V;V.PTCP;PRS,conglobing,123333
development,conglobe,third_person,V;PRS;3;SG,conglobes,123332
development,comrade,past,V;PST,comraded,51830
development,comrade,participle,V;V.PTCP;PRS,comrading,51829
development,comrade,third_person,V;PRS;3;SG,comrades,51828
development,eighth,past,V;PST,eighthed,193358
development,eighth,participle,V;V.PTCP;PRS,eighthing,193357
development,eighth,third_person,V;PRS;3;SG,eighths,193356
development,subway,past,V;PST,subwayed,112709
development,subway,participle,V;V.PTCP;PRS,subwaying,112708
development,subway,third_person,V;PRS;3;SG,subways,112707
development,destink,past,V;PST,destinked,183023
development,destink,participle,V;V.PTCP;PRS,destinking,183022
development,destink,third_person,V;PRS;3;SG,destinks,183021
development,unlid,past,V;PST,unlidded,182830
development,unlid,participle,V;V.PTCP;PRS,unlidding,182829
development,unlid,third_person,V;PRS;3;SG,unlids,182828
development,dwindle,past,V;PST,dwindled,36440
development,dwindle,participle,V;V.PTCP;PRS,dwindling,36439
development,dwindle,third_person,V;PRS;3;SG,dwindles,36438
development,shoogle,past,V;PST,shoogled,66247
development,shoogle,participle,V;V.PTCP;PRS,shoogling,66246
development,shoogle,third_person,V;PRS;3;SG,shoogles,66245
development,pimple,past,V;PST,pimpled,22033
development,pimple,participle,V;V.PTCP;PRS,pimpling,22032
development,pimple,third_person,V;PRS;3;SG,pimples,22031
development,ouse,past,V;PST,oused,113521
development,ouse,participle,V;V.PTCP;PRS,ousing,113520
development,ouse,third_person,V;PRS;3;SG,ouses,113519
development,sley,past,V;PST,sleyed,50255
development,sley,participle,V;V.PTCP;PRS,sleying,50254
development,sley,third_person,V;PRS;3;SG,sleys,50253
development,stoccade,past,V;PST,stoccaded,30981
development,stoccade,participle,V;V.PTCP;PRS,stoccading,30980
development,stoccade,third_person,V;PRS;3;SG,stoccades,30979
development,unlove,past,V;PST,unloved,186211
development,unlove,participle,V;V.PTCP;PRS,unloving,186210
development,unlove,third_person,V;PRS;3;SG,unloves,186209
development,beguide,past,V;PST,beguided,58679
development,beguide,participle,V;V.PTCP;PRS,beguiding,58678
development,beguide,third_person,V;PRS;3;SG,beguides,58677
development,illustre,past,V;PST,illustred,156789
development,illustre,participle,V;V.PTCP;PRS,illustring,156788
development,illustre,third_person,V;PRS;3;SG,illustres,156787
development,stink,past,V;PST,stank,166513
development,stink,participle,V;V.PTCP;PRS,stinking,166512
development,stink,third_person,V;PRS;3;SG,stinks,166511
development,junk,past,V;PST,junked,100965
development,junk,participle,V;V.PTCP;PRS,junking,100964
development,junk,third_person,V;PRS;3;SG,junks,100963
development,swive,past,V;PST,swived,87167
development,swive,participle,V;V.PTCP;PRS,swiving,87166
development,swive,third_person,V;PRS;3;SG,swives,87165
train,work,past,V;PST,worked,17587
train,work,participle,V;V.PTCP;PRS,working,17586
train,work,third_person,V;PRS;3;SG,works,17585
development,salify,past,V;PST,salified,87932
development,salify,participle,V;V.PTCP;PRS,salifying,87931
development,salify,third_person,V;PRS;3;SG,salifies,87930
development,stoush,past,V;PST,stoushed,70834
development,stoush,participle,V;V.PTCP;PRS,stoushing,70833
development,stoush,third_person,V;PRS;3;SG,stoushes,70832
development,tose,past,V;PST,tosed,53243
development,tose,participle,V;V.PTCP;PRS,tosing,53242
development,tose,third_person,V;PRS;3;SG,toses,53241
development,headbutt,past,V;PST,headbutted,43041
development,headbutt,participle,V;V.PTCP;PRS,headbutting,43040
development,headbutt,third_person,V;PRS;3;SG,headbutts,43039
development,tuck,past,V;PST,tucked,206429
development,tuck,participle,V;V.PTCP;PRS,tucking,206428
development,tuck,third_person,V;PRS;3;SG,tucks,206427
development,uncross,past,V;PST,uncrossed,213222
development,uncross,participle,V;V.PTCP;PRS,uncrossing,213221
development,uncross,third_person,V;PRS;3;SG,uncrosses,213220
development,grunt,past,V;PST,grunted,198880
development,grunt,participle,V;V.PTCP;PRS,grunting,198879
development,grunt,third_person,V;PRS;3;SG,grunts,198878
development,penance,past,V;PST,penanced,71535
development,penance,participle,V;V.PTCP;PRS,penancing,71534
development,penance,third_person,V;PRS;3;SG,penances,71533
development,whammel,past,V;PST,whammelled,117041
development,whammel,participle,V;V.PTCP;PRS,whammelling,117040
development,whammel,third_person,V;PRS;3;SG,whammels,117039
development,rehome,past,V;PST,rehomed,132414
development,rehome,participle,V;V.PTCP;PRS,rehoming,132413
development,rehome,third_person,V;PRS;3;SG,rehomes,132412
development,opsonise,past,V;PST,opsonised,145853
development,opsonise,participle,V;V.PTCP;PRS,opsonising,145852
development,opsonise,third_person,V;PRS;3;SG,opsonises,145851
development,demagog,past,V;PST,demagoged,101811
development,demagog,participle,V;V.PTCP;PRS,demagoging,101810
development,demagog,third_person,V;PRS;3;SG,demagogs,101809
development,atsit,past,V;PST,atsat,117037
development,atsit,participle,V;V.PTCP;PRS,atsitting,117036
development,atsit,third_person,V;PRS;3;SG,atsits,117035
development,ineye,past,V;PST,ineyed,163832
development,ineye,participle,V;V.PTCP;PRS,ineyeing,163831
development,ineye,third_person,V;PRS;3;SG,ineyes,163830
development,jangle,past,V;PST,jangled,41190
development,jangle,participle,V;V.PTCP;PRS,jangling,41189
development,jangle,third_person,V;PRS;3;SG,jangles,41188
development,plounce,past,V;PST,plounced,54629
development,plounce,participle,V;V.PTCP;PRS,plouncing,54628
development,plounce,third_person,V;PRS;3;SG,plounces,54627
development,ensphere,past,V;PST,ensphered,5327
development,ensphere,participle,V;V.PTCP;PRS,ensphering,5326
development,ensphere,third_person,V;PRS;3;SG,enspheres,5325
development,prayse,past,V;PST,praysed,12702
development,prayse,participle,V;V.PTCP;PRS,praysing,12701
development,prayse,third_person,V;PRS;3;SG,prayses,12700
development,roadshow,past,V;PST,roadshowed,208764
development,roadshow,participle,V;V.PTCP;PRS,roadshowing,208763
development,roadshow,third_person,V;PRS;3;SG,roadshows,208762
development,cary,past,V;PST,caried,155730
development,cary,participle,V;V.PTCP;PRS,carying,155729
development,cary,third_person,V;PRS;3;SG,caries,155728
development,arage,past,V;PST,araged,48058
development,arage,participle,V;V.PTCP;PRS,araging,48057
development,arage,third_person,V;PRS;3;SG,arages,48056
development,assonate,past,V;PST,assonated,193046
development,assonate,participle,V;V.PTCP;PRS,assonating,193045
development,assonate,third_person,V;PRS;3;SG,assonates,193044
development,shush,past,V;PST,shushed,138239
development,shush,participle,V;V.PTCP;PRS,shushing,138238
development,shush,third_person,V;PRS;3;SG,shushes,138237
development,ort,past,V;PST,orted,24234
development,ort,participle,V;V.PTCP;PRS,orting,24233
development,ort,third_person,V;PRS;3;SG,orts,24232
development,dismount,past,V;PST,dismounted,39069
development,dismount,participle,V;V.PTCP;PRS,dismounting,39068
development,dismount,third_person,V;PRS;3;SG,dismounts,39067
development,rumba,past,V;PST,rumbaed,133252
development,rumba,participle,V;V.PTCP;PRS,rumbaing,133251
development,rumba,third_person,V;PRS;3;SG,rumbas,133250
development,underfix,past,V;PST,underfixed,53009
development,underfix,participle,V;V.PTCP;PRS,underfixing,53008
development,underfix,third_person,V;PRS;3;SG,underfixes,53007
development,overline,past,V;PST,overlined,57651
development,overline,participle,V;V.PTCP;PRS,overlining,57650
development,overline,third_person,V;PRS;3;SG,overlines,57649
development,oblique,past,V;PST,obliqued,206270
development,oblique,participle,V;V.PTCP;PRS,obliquing,206269
development,oblique,third_person,V;PRS;3;SG,obliques,206268
development,letter,past,V;PST,lettered,57051
development,letter,participle,V;V.PTCP;PRS,lettering,57050
development,letter,third_person,V;PRS;3;SG,letters,57049
development,sclate,past,V;PST,sclated,55494
development,sclate,participle,V;V.PTCP;PRS,sclating,55493
development,sclate,third_person,V;PRS;3;SG,sclates,55492
development,divagate,past,V;PST,divagated,123789
development,divagate,participle,V;V.PTCP;PRS,divagating,123788
development,divagate,third_person,V;PRS;3;SG,divagates,123787
development,wester,past,V;PST,westered,128815
development,wester,participle,V;V.PTCP;PRS,westering,128814
development,wester,third_person,V;PRS;3;SG,westers,128813
development,flit,past,V;PST,flitted,50029
development,flit,participle,V;V.PTCP;PRS,flitting,50028
development,flit,third_person,V;PRS;3;SG,flits,50027
development,eternise,past,V;PST,eternised,43147
development,eternise,participle,V;V.PTCP;PRS,eternising,43146
development,eternise,third_person,V;PRS;3;SG,eternises,43145
development,yar,past,V;PST,yarred,147264
development,yar,participle,V;V.PTCP;PRS,yarring,147263
development,yar,third_person,V;PRS;3;SG,yars,147262
development,aim,past,V;PST,aimed,183502
development,aim,participle,V;V.PTCP;PRS,aiming,183501
development,aim,third_person,V;PRS;3;SG,aims,183500
development,norther,past,V;PST,northered,203208
development,norther,participle,V;V.PTCP;PRS,northering,203207
development,norther,third_person,V;PRS;3;SG,northers,203206
development,project,past,V;PST,projected,37562
development,project,participle,V;V.PTCP;PRS,projecting,37561
development,project,third_person,V;PRS;3;SG,projects,37560
development,badinage,past,V;PST,badinaged,156459
development,badinage,participle,V;V.PTCP;PRS,badinaging,156458
development,badinage,third_person,V;PRS;3;SG,badinages,156457
development,unapply,past,V;PST,unapplied,159297
development,unapply,participle,V;V.PTCP;PRS,unapplying,159296
development,unapply,third_person,V;PRS;3;SG,unapplies,159295
development,check,past,V;PST,checked,25067
development,check,participle,V;V.PTCP;PRS,checking,25066
development,check,third_person,V;PRS;3;SG,checks,25065
development,engrave,past,V;PST,engraved,42895
development,engrave,participle,V;V.PTCP;PRS,engraving,42894
development,engrave,third_person,V;PRS;3;SG,engraves,42893
development,cum,past,V;PST,came,67642
development,cum,participle,V;V.PTCP;PRS,cumming,67641
development,cum,third_person,V;PRS;3;SG,cums,67640
development,tinplate,past,V;PST,tinplated,208121
development,tinplate,participle,V;V.PTCP;PRS,tinplating,208120
development,tinplate,third_person,V;PRS;3;SG,tinplates,208119
development,cassate,past,V;PST,cassated,27649
development,cassate,participle,V;V.PTCP;PRS,cassating,27648
development,cassate,third_person,V;PRS;3;SG,cassates,27647
development,letch,past,V;PST,letched,146485
development,letch,participle,V;V.PTCP;PRS,letching,146484
development,letch,third_person,V;PRS;3;SG,letches,146483
development,misfall,past,V;PST,misfell,127334
development,misfall,participle,V;V.PTCP;PRS,misfalling,127333
development,misfall,third_person,V;PRS;3;SG,misfalls,127332
development,unwig,past,V;PST,unwigged,205411
development,unwig,participle,V;V.PTCP;PRS,unwigging,205410
development,unwig,third_person,V;PRS;3;SG,unwigs,205409
development,hone,past,V;PST,honed,34693
development,hone,participle,V;V.PTCP;PRS,honing,34692
development,hone,third_person,V;PRS;3;SG,hones,34691
development,coit,past,V;PST,coited,98004
development,coit,participle,V;V.PTCP;PRS,coiting,98003
development,coit,third_person,V;PRS;3;SG,coits,98002
development,implete,past,V;PST,impleted,151130
development,implete,participle,V;V.PTCP;PRS,impleting,151129
development,implete,third_person,V;PRS;3;SG,impletes,151128
development,mishit,past,V;PST,mishit,39282
development,mishit,participle,V;V.PTCP;PRS,mishitting,39281
development,mishit,third_person,V;PRS;3;SG,mishits,39280
development,reprive,past,V;PST,reprived,198459
development,reprive,participle,V;V.PTCP;PRS,repriving,198458
development,reprive,third_person,V;PRS;3;SG,reprives,198457
development,piece,past,V;PST,pieced,75865
development,piece,participle,V;V.PTCP;PRS,piecing,75864
development,piece,third_person,V;PRS;3;SG,pieces,75863
development,yeme,past,V;PST,yemed,124130
development,yeme,participle,V;V.PTCP;PRS,yeming,124129
development,yeme,third_person,V;PRS;3;SG,yemes,124128
development,lyme,past,V;PST,lymed,175931
development,lyme,participle,V;V.PTCP;PRS,lyming,175930
development,lyme,third_person,V;PRS;3;SG,lymes,175929
development,embue,past,V;PST,embued,213299
development,embue,participle,V;V.PTCP;PRS,embuing,213298
development,embue,third_person,V;PRS;3;SG,embues,213297
development,unhug,past,V;PST,unhugged,19004
development,unhug,participle,V;V.PTCP;PRS,unhugging,19003
development,unhug,third_person,V;PRS;3;SG,unhugs,19002
development,insense,past,V;PST,insensed,37332
development,insense,participle,V;V.PTCP;PRS,insensing,37331
development,insense,third_person,V;PRS;3;SG,insenses,37330
development,affamish,past,V;PST,affamished,30457
development,affamish,participle,V;V.PTCP;PRS,affamishing,30456
development,affamish,third_person,V;PRS;3;SG,affamishes,30455
development,repipe,past,V;PST,repiped,202442
development,repipe,participle,V;V.PTCP;PRS,repiping,202441
development,repipe,third_person,V;PRS;3;SG,repipes,202440
development,uncurse,past,V;PST,uncursed,112091
development,uncurse,participle,V;V.PTCP;PRS,uncursing,112090
development,uncurse,third_person,V;PRS;3;SG,uncurses,112089
development,adwesch,past,V;PST,adwesched,18940
development,adwesch,participle,V;V.PTCP;PRS,adwesching,18939
development,adwesch,third_person,V;PRS;3;SG,adwesches,18938
development,crome,past,V;PST,cromed,104717
development,crome,participle,V;V.PTCP;PRS,croming,104716
development,crome,third_person,V;PRS;3;SG,cromes,104715
development,blandish,past,V;PST,blandished,174333
development,blandish,participle,V;V.PTCP;PRS,blandishing,174332
development,blandish,third_person,V;PRS;3;SG,blandishes,174331
development,toady,past,V;PST,toadied,75891
development,toady,participle,V;V.PTCP;PRS,toadying,75890
development,toady,third_person,V;PRS;3;SG,toadies,75889
development,remeid,past,V;PST,remeided,180723
development,remeid,participle,V;V.PTCP;PRS,remeiding,180722
development,remeid,third_person,V;PRS;3;SG,remeids,180721
development,carburet,past,V;PST,carbureted,208807
development,carburet,participle,V;V.PTCP;PRS,carbureting,208806
development,carburet,third_person,V;PRS;3;SG,carburets,208805
development,vide,past,V;PST,vided,82222
development,vide,participle,V;V.PTCP;PRS,viding,82221
development,vide,third_person,V;PRS;3;SG,vides,82220
development,glent,past,V;PST,glented,179197
development,glent,participle,V;V.PTCP;PRS,glenting,179196
development,glent,third_person,V;PRS;3;SG,glents,179195
development,harnass,past,V;PST,harnassed,220823
development,harnass,participle,V;V.PTCP;PRS,harnassing,220822
development,harnass,third_person,V;PRS;3;SG,harnasses,220821
development,wigwag,past,V;PST,wigwagged,157711
development,wigwag,participle,V;V.PTCP;PRS,wigwagging,157710
development,wigwag,third_person,V;PRS;3;SG,wigwags,157709
development,slave,past,V;PST,slaved,130184
development,slave,participle,V;V.PTCP;PRS,slaving,130183
development,slave,third_person,V;PRS;3;SG,slaves,130182
development,cash,past,V;PST,cashed,110868
development,cash,participle,V;V.PTCP;PRS,cashing,110867
development,cash,third_person,V;PRS;3;SG,cashes,110866
development,handfeed,past,V;PST,handfed,133347
development,handfeed,participle,V;V.PTCP;PRS,handfeeding,133346
development,handfeed,third_person,V;PRS;3;SG,handfeeds,133345
