partition,source_id,x1,y1,x2,y2,x3,y3,x4,y4,x5,y5,x6,y6,x7,y7,x8,y8,digit
train,pendigits.tra:1,47,100,27,81,57,37,26,0,0,23,56,53,100,90,40,98,8
train,pendigits.tra:2,0,89,27,100,42,75,29,45,15,15,37,0,69,2,100,6,2
train,pendigits.tra:3,0,57,31,68,72,90,100,100,76,75,50,51,28,25,16,0,1
train,pendigits.tra:4,0,100,7,92,5,68,19,45,86,34,100,45,74,23,67,0,4
train,pendigits.tra:5,0,67,49,83,100,100,81,80,60,60,40,40,33,20,47,0,1
train,pendigits.tra:6,100,100,88,99,49,74,17,47,0,16,37,0,73,16,20,20,6
train,pendigits.tra:7,0,100,3,72,26,35,85,35,100,71,73,97,65,49,66,0,4
train,pendigits.tra:8,0,39,2,62,11,5,63,0,100,43,89,99,36,100,0,57,0
train,pendigits.tra:9,13,89,12,50,72,38,56,0,4,17,0,61,32,94,100,100,5
train,pendigits.tra:10,57,100,22,72,0,31,25,0,75,13,100,50,75,87,26,85,0
train,pendigits.tra:11,74,87,31,100,0,69,62,64,100,79,100,38,84,0,18,1,9
train,pendigits.tra:12,48,96,62,65,88,27,21,0,21,33,79,67,100,100,0,85,8
train,pendigits.tra:13,100,100,72,99,36,78,34,54,79,47,64,13,19,0,0,2,5
train,pendigits.tra:14,91,74,54,100,0,87,23,59,81,67,100,39,79,4,21,0,9
train,pendigits.tra:15,0,85,38,100,81,88,87,50,84,12,58,0,53,22,100,24,7
train,pendigits.tra:16,35,76,57,100,100,92,68,66,81,38,82,9,32,0,0,17,3
train,pendigits.tra:17,50,84,66,100,75,75,51,51,100,42,97,13,49,0,0,7,3
train,pendigits.tra:18,99,80,63,100,25,76,79,68,100,62,97,23,54,0,0,16,9
train,pendigits.tra:19,24,66,43,100,59,65,34,28,0,1,16,11,58,0,100,1,2
train,pendigits.tra:20,0,73,19,99,72,100,70,73,32,48,5,18,46,0,100,0,2
train,pendigits.tra:21,12,77,20,62,78,40,50,0,1,17,0,64,23,98,100,100,5
train,pendigits.tra:22,0,46,49,64,78,87,100,100,91,75,85,49,75,24,89,0,1
train,pendigits.tra:23,10,86,34,66,68,34,34,0,4,26,0,69,34,95,100,100,5
train,pendigits.tra:24,73,62,53,100,0,72,82,39,100,0,15,14,52,57,90,94,8
train,pendigits.tra:25,54,100,34,75,6,43,0,11,70,0,100,28,44,46,36,21,6
train,pendigits.tra:26,11,100,0,69,15,43,87,47,100,65,74,67,71,33,66,0,4
train,pendigits.tra:27,36,92,7,83,0,37,26,0,77,6,100,46,84,89,36,100,0
train,pendigits.tra:28,46,100,10,83,34,64,100,77,71,82,49,54,22,27,0,0,4
train,pendigits.tra:29,61,59,58,100,0,84,44,42,80,0,8,5,33,44,100,70,8
train,pendigits.tra:30,100,84,31,100,0,88,8,70,15,53,15,35,0,17,0,0,1
train,pendigits.tra:31,32,59,53,100,100,95,79,46,48,0,93,19,58,55,0,63,8
train,pendigits.tra:32,40,99,51,66,79,26,39,0,0,27,8,77,46,100,100,94,5
train,pendigits.tra:33,0,98,36,100,80,85,68,42,56,0,25,23,50,37,100,32,7
train,pendigits.tra:34,27,76,1,42,16,0,70,3,100,40,92,84,44,100,0,73,0
train,pendigits.tra:35,0,0,31,15,63,30,88,52,100,79,82,100,56,82,79,64,9
train,pendigits.tra:36,30,86,67,100,77,77,53,50,78,40,100,17,56,0,0,5,3
train,pendigits.tra:37,29,91,14,57,66,39,30,0,0,19,3,72,39,97,100,100,5
train,pendigits.tra:38,77,97,40,100,0,59,9,29,84,33,100,64,77,44,48,0,4
train,pendigits.tra:39,64,93,0,67,97,67,89,100,14,70,100,68,96,36,28,0,9
train,pendigits.tra:40,9,93,53,100,89,80,57,52,17,30,0,5,50,2,100,0,2
train,pendigits.tra:41,0,93,62,100,100,78,69,43,50,5,35,0,15,35,86,37,7
train,pendigits.tra:42,30,87,16,55,68,41,52,0,0,16,15,63,41,100,100,98,5
train,pendigits.tra:43,60,100,20,76,0,39,10,1,69,0,100,33,56,40,15,10,6
train,pendigits.tra:44,0,83,29,100,88,95,64,69,73,43,100,13,50,1,10,0,3
train,pendigits.tra:45,5,90,46,98,89,100,100,81,77,59,62,34,37,14,0,0,3
train,pendigits.tra:46,100,99,67,100,24,68,0,32,27,0,99,8,77,40,9,55,6
train,pendigits.tra:47,47,86,73,100,89,75,68,49,100,28,82,4,38,0,0,13,3
train,pendigits.tra:48,29,72,45,100,78,78,60,41,25,12,0,4,50,6,100,0,2
train,pendigits.tra:49,1,88,0,54,59,31,36,0,11,28,4,68,28,97,100,100,5
train,pendigits.tra:50,63,100,40,73,70,63,100,77,79,74,55,48,29,23,0,0,4
train,pendigits.tra:51,11,92,56,100,83,82,52,59,87,39,100,14,55,0,0,0,3
train,pendigits.tra:52,51,76,68,91,100,100,83,80,59,60,34,40,10,20,0,0,1
train,pendigits.tra:53,56,99,18,72,0,24,36,0,85,23,100,69,58,100,19,74,0
train,pendigits.tra:54,0,75,47,87,100,100,91,80,72,60,53,40,35,20,19,0,1
train,pendigits.tra:55,17,100,0,74,6,36,77,37,100,63,73,95,71,47,75,0,4
train,pendigits.tra:56,41,96,17,76,50,37,31,0,0,34,1,86,49,98,100,100,5
train,pendigits.tra:57,20,82,62,100,100,81,68,54,82,50,89,19,42,0,0,13,3
train,pendigits.tra:58,12,78,40,100,74,77,52,41,13,14,0,17,50,8,100,0,2
train,pendigits.tra:59,18,73,0,73,10,24,54,0,100,22,95,71,52,100,5,84,0
train,pendigits.tra:60,97,100,41,90,4,58,0,22,52,0,100,22,49,38,8,13,6
train,pendigits.tra:61,57,63,100,100,0,91,36,53,95,16,2,0,5,36,91,67,8
train,pendigits.tra:62,30,81,87,100,100,98,37,86,46,54,99,32,59,2,0,0,5
train,pendigits.tra:63,12,61,0,20,44,0,92,23,100,64,70,100,15,92,0,52,0
train,pendigits.tra:64,0,84,50,100,72,79,37,52,51,41,100,27,62,3,3,0,3
train,pendigits.tra:65,0,100,61,100,100,93,63,64,36,33,14,0,9,29,47,42,7
train,pendigits.tra:66,100,79,67,100,26,76,41,38,47,0,0,8,38,38,96,58,8
train,pendigits.tra:67,37,91,84,100,100,96,52,87,32,57,74,38,41,1,0,0,5
train,pendigits.tra:68,100,100,58,83,31,55,17,24,43,0,80,19,50,43,0,39,6
train,pendigits.tra:69,94,79,40,100,13,65,59,30,67,0,0,17,45,52,100,83,8
train,pendigits.tra:70,0,82,75,56,100,12,22,0,22,41,92,73,84,100,2,80,8
train,pendigits.tra:71,80,100,36,100,58,80,65,82,82,47,100,14,53,0,0,7,9
train,pendigits.tra:72,35,76,0,42,11,0,65,5,100,41,97,85,49,100,9,69,0
train,pendigits.tra:73,34,100,21,76,0,35,43,30,91,29,100,41,74,46,67,0,4
train,pendigits.tra:74,0,75,31,72,67,84,100,100,94,82,80,54,68,27,56,0,1
train,pendigits.tra:75,90,71,100,100,25,85,10,50,80,62,99,53,64,17,0,0,9
train,pendigits.tra:76,0,97,42,100,67,71,53,35,34,0,16,23,40,42,100,42,7
train,pendigits.tra:77,38,94,4,63,0,20,41,0,84,19,100,60,77,98,32,100,0
train,pendigits.tra:78,72,100,38,88,2,57,0,19,51,0,100,20,55,34,12,7,6
train,pendigits.tra:79,26,79,69,100,92,85,56,56,90,42,100,15,51,0,0,2,3
train,pendigits.tra:80,8,77,47,100,100,96,71,66,100,46,99,13,46,0,0,13,3
train,pendigits.tra:81,31,73,55,100,55,53,33,14,0,0,30,11,65,1,100,1,2
train,pendigits.tra:82,46,100,21,85,0,60,24,42,68,44,100,49,76,25,58,0,4
train,pendigits.tra:83,41,69,76,100,73,81,57,39,46,0,0,10,50,9,100,10,1
train,pendigits.tra:84,32,100,12,76,0,48,1,21,39,0,100,9,64,21,18,3,6
train,pendigits.tra:85,16,90,9,61,50,35,23,0,5,35,0,81,48,97,100,100,5
train,pendigits.tra:86,21,88,0,57,88,58,88,18,15,0,8,42,12,83,100,100,5
train,pendigits.tra:87,0,100,54,98,91,85,71,52,62,17,74,0,100,32,42,37,7
train,pendigits.tra:88,47,93,1,67,0,16,53,0,100,32,95,81,42,100,7,62,0
train,pendigits.tra:89,38,51,8,66,0,19,42,0,87,26,100,71,61,100,16,84,0
train,pendigits.tra:90,95,92,50,100,21,77,74,87,100,86,69,56,37,26,0,0,9
train,pendigits.tra:91,18,88,2,54,40,25,2,0,0,30,20,70,45,100,100,93,5
train,pendigits.tra:92,39,100,23,82,0,52,1,21,48,0,100,16,70,42,6,55,6
train,pendigits.tra:93,22,100,1,66,0,33,50,32,100,36,82,63,77,30,71,0,4
train,pendigits.tra:94,3,96,53,100,81,68,83,28,72,0,100,34,51,41,0,43,7
train,pendigits.tra:95,0,65,38,79,62,100,72,86,77,65,79,43,83,21,100,0,1
train,pendigits.tra:96,19,81,0,41,12,0,54,1,88,29,100,71,72,100,31,91,0
train,pendigits.tra:97,0,60,38,80,80,100,100,92,80,69,65,46,55,23,55,0,1
train,pendigits.tra:98,40,72,16,50,96,69,70,100,0,73,65,57,100,47,94,0,9
train,pendigits.tra:99,100,100,63,78,28,53,0,27,4,0,60,1,78,22,24,21,6
train,pendigits.tra:100,33,58,19,90,78,100,91,62,51,28,0,2,37,1,100,0,2
train,pendigits.tra:101,14,91,9,52,28,10,74,0,100,38,86,81,43,100,0,80,0
train,pendigits.tra:102,20,85,62,100,71,72,45,52,98,47,100,17,53,0,0,0,3
train,pendigits.tra:103,9,100,0,66,20,25,61,0,100,21,93,64,54,91,9,76,0
train,pendigits.tra:104,42,83,60,53,89,11,13,0,0,33,77,57,100,92,18,100,8
train,pendigits.tra:105,4,63,12,15,52,0,92,15,100,63,72,100,28,97,0,62,0
train,pendigits.tra:106,38,94,90,100,94,79,59,57,68,33,100,12,54,0,0,1,3
train,pendigits.tra:107,22,55,10,60,0,18,46,0,89,28,100,70,68,100,29,69,0
train,pendigits.tra:108,27,100,0,58,12,5,62,0,100,39,97,91,48,97,18,53,0
train,pendigits.tra:109,43,94,15,66,52,38,20,0,5,35,0,83,42,100,100,98,5
train,pendigits.tra:110,0,87,37,100,19,70,5,42,88,49,100,58,84,28,88,0,4
train,pendigits.tra:111,73,98,35,100,0,59,0,13,71,8,100,45,29,41,9,0,6
train,pendigits.tra:112,15,73,0,34,30,0,81,1,100,38,87,78,44,100,16,68,0
train,pendigits.tra:113,85,100,30,84,5,54,0,22,48,0,100,21,66,47,0,37,6
train,pendigits.tra:114,0,88,24,68,76,33,43,0,29,32,84,66,100,100,8,89,8
train,pendigits.tra:115,50,97,72,68,100,100,42,86,93,72,89,48,70,7,0,0,9
train,pendigits.tra:116,42,100,9,79,0,46,48,31,100,46,89,52,46,30,19,0,4
train,pendigits.tra:117,7,100,0,56,51,37,39,0,9,15,5,62,42,92,100,96,5
train,pendigits.tra:118,100,77,92,100,49,76,18,48,0,15,38,0,75,23,29,27,6
train,pendigits.tra:119,44,66,67,100,80,62,47,25,5,0,0,3,50,4,100,7,2
train,pendigits.tra:120,37,100,48,57,74,97,27,97,80,68,100,26,49,0,0,22,9
train,pendigits.tra:121,100,89,40,83,63,40,84,0,0,7,53,53,80,100,3,78,8
train,pendigits.tra:122,45,93,0,60,75,69,89,29,19,0,15,43,26,93,100,100,5
train,pendigits.tra:123,45,100,10,67,7,16,56,0,100,31,91,79,38,95,0,61,0
train,pendigits.tra:124,13,68,15,30,42,0,86,19,100,56,84,90,33,100,0,73,0
train,pendigits.tra:125,49,83,8,57,0,17,51,0,93,28,100,70,61,100,8,86,0
train,pendigits.tra:126,16,100,0,78,5,54,41,32,93,39,100,48,91,24,89,0,4
train,pendigits.tra:127,22,93,0,95,50,97,100,100,67,81,43,56,28,28,30,0,7
train,pendigits.tra:128,52,91,72,100,87,70,57,43,100,45,90,15,43,0,0,12,3
train,pendigits.tra:129,96,100,52,95,48,76,96,98,100,85,71,54,39,25,0,0,9
train,pendigits.tra:130,29,73,56,100,68,71,45,38,11,12,0,8,50,6,100,0,2
train,pendigits.tra:131,14,94,4,63,43,36,36,0,10,27,0,72,47,92,100,100,5
train,pendigits.tra:132,53,87,32,47,98,64,69,100,58,69,100,61,71,3,0,0,9
train,pendigits.tra:133,68,100,24,83,0,41,13,0,60,3,99,30,100,71,55,89,0
train,pendigits.tra:134,100,98,60,100,29,73,10,41,6,6,46,0,46,27,0,30,6
train,pendigits.tra:135,100,70,58,100,10,75,0,24,48,0,100,19,97,68,45,81,0
train,pendigits.tra:136,84,100,59,99,16,72,0,42,20,12,100,0,94,22,4,27,6
train,pendigits.tra:137,100,100,53,81,25,54,11,25,38,0,99,8,65,29,0,25,6
train,pendigits.tra:138,0,42,30,56,59,72,86,94,100,100,80,68,62,35,53,0,1
train,pendigits.tra:139,67,100,30,90,0,57,41,40,100,53,98,67,66,34,40,0,4
train,pendigits.tra:140,73,85,31,65,0,0,52,9,100,57,82,100,81,78,38,25,0
train,pendigits.tra:141,28,82,0,39,30,0,80,5,100,54,70,99,22,100,7,50,0
train,pendigits.tra:142,86,100,48,79,13,52,0,22,45,0,100,16,76,40,6,35,6
train,pendigits.tra:143,40,79,61,100,78,72,46,41,0,16,1,5,61,1,100,0,2
train,pendigits.tra:144,100,88,69,100,20,84,70,86,93,71,70,44,38,19,0,0,9
train,pendigits.tra:145,30,98,16,60,53,28,46,0,13,29,0,68,27,95,100,100,5
train,pendigits.tra:146,2,78,46,99,100,100,77,76,94,38,94,0,41,3,0,28,3
train,pendigits.tra:147,0,42,34,57,64,79,95,100,100,85,81,57,62,28,45,0,1
train,pendigits.tra:148,19,100,4,77,0,51,46,36,100,47,96,49,87,23,77,0,4
train,pendigits.tra:149,3,66,16,100,27,69,14,32,0,0,33,5,67,10,100,11,2
train,pendigits.tra:150,47,100,40,82,18,49,0,19,53,20,92,34,94,35,100,0,4
train,pendigits.tra:151,29,38,61,60,92,83,100,100,73,76,49,50,25,25,0,0,1
train,pendigits.tra:152,0,63,41,77,79,94,100,100,85,74,75,48,71,22,82,0,1
train,pendigits.tra:153,0,52,52,83,97,100,91,55,84,10,21,0,21,7,100,7,1
train,pendigits.tra:154,65,100,24,84,0,48,9,10,61,0,100,24,58,47,2,46,6
train,pendigits.tra:155,88,80,12,80,100,100,100,91,65,68,29,46,6,23,0,0,1
train,pendigits.tra:156,13,80,53,71,100,100,23,99,0,71,81,74,74,40,47,0,9
train,pendigits.tra:157,0,79,51,59,100,29,51,0,22,26,51,60,73,94,9,100,8
train,pendigits.tra:158,72,100,38,84,13,63,0,40,40,28,88,31,100,22,84,0,4
train,pendigits.tra:159,0,100,67,100,86,72,56,37,34,0,6,33,32,45,100,46,7
train,pendigits.tra:160,37,84,69,100,96,87,55,61,88,38,100,9,51,0,0,3,3
train,pendigits.tra:161,0,100,73,97,95,80,100,64,95,48,82,31,64,15,23,0,1
train,pendigits.tra:162,0,59,77,74,100,100,17,93,7,71,82,68,45,35,20,0,9
train,pendigits.tra:163,2,85,31,100,76,74,62,37,47,0,100,8,68,30,0,41,7
train,pendigits.tra:164,13,100,0,76,28,53,94,56,100,76,93,66,94,33,91,0,4
train,pendigits.tra:165,21,75,40,100,85,94,67,63,100,43,95,11,47,0,0,13,3
train,pendigits.tra:166,48,100,15,83,0,39,23,1,71,0,100,34,86,77,44,98,0
train,pendigits.tra:167,24,100,100,99,93,78,64,48,39,17,19,0,0,31,72,38,7
train,pendigits.tra:168,45,85,93,100,100,98,48,88,7,62,48,48,48,18,0,0,5
train,pendigits.tra:169,54,93,0,88,54,46,70,0,5,9,54,52,100,96,7,100,8
train,pendigits.tra:170,46,83,87,100,100,79,75,54,90,36,100,13,49,0,0,12,3
train,pendigits.tra:171,84,100,46,98,13,60,0,19,53,0,100,32,33,36,10,4,6
train,pendigits.tra:172,26,74,19,49,64,21,20,0,1,25,0,64,45,87,100,100,5
train,pendigits.tra:173,39,62,78,88,79,100,57,64,38,30,0,0,34,4,100,0,1
train,pendigits.tra:174,14,100,1,54,51,47,36,0,0,14,6,71,42,93,100,97,5
train,pendigits.tra:175,0,65,43,76,93,96,100,100,71,75,48,50,26,25,5,0,1
train,pendigits.tra:176,0,70,53,88,64,100,62,78,70,57,83,36,100,14,98,0,1
train,pendigits.tra:177,0,67,16,80,64,100,85,99,85,74,89,49,95,24,100,0,1
train,pendigits.tra:178,88,99,45,82,78,75,90,100,100,68,93,36,59,9,0,0,9
train,pendigits.tra:179,30,100,16,84,0,51,28,26,80,33,100,65,79,34,68,0,4
train,pendigits.tra:180,24,100,14,55,72,52,54,0,8,2,0,58,35,95,100,99,5
train,pendigits.tra:181,0,78,18,96,59,95,100,100,86,82,66,56,52,29,47,0,7
train,pendigits.tra:182,0,91,46,100,85,80,91,40,88,0,99,22,100,52,50,49,7
train,pendigits.tra:183,21,92,85,100,90,67,67,34,49,0,0,26,27,43,100,42,7
train,pendigits.tra:184,31,95,5,61,0,23,32,0,77,18,100,51,82,85,37,100,0
train,pendigits.tra:185,19,73,54,91,100,100,99,78,86,52,78,26,43,8,0,0,3
train,pendigits.tra:186,98,100,52,77,18,52,0,25,25,0,100,5,97,29,23,22,6
train,pendigits.tra:187,79,74,21,67,15,92,71,100,100,75,73,45,36,18,0,0,9
train,pendigits.tra:188,100,100,59,79,26,54,2,28,1,0,58,0,58,21,0,19,6
train,pendigits.tra:189,19,86,35,72,95,94,0,100,60,78,100,52,67,26,26,0,9
train,pendigits.tra:190,16,59,0,31,31,0,78,15,100,55,87,98,40,100,6,67,0
train,pendigits.tra:191,83,86,44,100,0,74,58,67,100,94,89,63,77,31,75,0,9
train,pendigits.tra:192,0,97,43,100,58,62,41,17,26,0,8,36,54,34,100,33,7
train,pendigits.tra:193,0,70,63,80,90,100,100,89,100,67,92,44,84,22,71,0,1
train,pendigits.tra:194,30,100,4,67,0,24,30,0,66,11,95,41,100,82,64,93,0
train,pendigits.tra:195,100,96,71,100,42,79,49,56,91,51,82,16,42,0,0,1,5
train,pendigits.tra:196,47,100,19,67,0,30,20,0,68,5,100,33,91,72,50,88,0
train,pendigits.tra:197,100,100,64,98,26,85,36,63,76,58,75,24,42,1,0,0,5
train,pendigits.tra:198,29,47,59,71,100,100,90,81,74,50,66,18,0,0,99,7,1
train,pendigits.tra:199,89,87,38,100,17,78,80,77,100,76,92,34,61,0,0,4,9
train,pendigits.tra:200,67,100,36,82,0,60,5,37,66,38,100,50,73,25,56,0,4
train,pendigits.tra:201,53,100,23,77,0,57,74,66,100,79,70,85,44,42,16,0,4
train,pendigits.tra:202,27,100,0,74,40,54,100,59,84,91,57,64,43,32,33,0,4
train,pendigits.tra:203,2,80,36,50,54,12,9,0,0,41,5,78,49,95,100,100,5
train,pendigits.tra:204,48,95,94,100,100,73,75,47,41,25,0,5,41,1,94,0,2
train,pendigits.tra:205,100,100,68,96,38,70,14,44,0,14,36,0,51,23,3,28,6
train,pendigits.tra:206,58,100,0,89,44,53,100,21,63,0,62,36,87,80,25,91,8
train,pendigits.tra:207,0,61,22,89,59,100,72,73,53,42,31,12,58,0,100,4,2
train,pendigits.tra:208,0,75,29,79,71,91,100,100,82,74,68,48,57,21,58,0,1
train,pendigits.tra:209,0,48,28,64,61,82,92,100,100,84,86,56,73,28,64,0,1
train,pendigits.tra:210,36,90,86,100,87,73,47,49,92,44,100,16,53,0,0,1,3
train,pendigits.tra:211,78,85,65,66,100,25,49,0,15,29,58,67,66,100,0,84,8
train,pendigits.tra:212,69,100,31,73,39,55,89,62,100,84,63,57,31,28,0,0,4
train,pendigits.tra:213,0,87,55,100,100,81,74,41,49,0,20,10,32,32,99,35,7
train,pendigits.tra:214,100,100,92,85,75,71,58,57,58,42,33,28,8,14,0,0,1
train,pendigits.tra:215,47,91,37,63,65,27,21,0,9,40,0,91,49,100,100,91,5
train,pendigits.tra:216,0,96,45,100,100,99,79,83,60,63,45,42,36,21,33,0,7
train,pendigits.tra:217,12,73,29,62,66,32,29,0,5,29,0,71,38,96,100,100,5
train,pendigits.tra:218,84,93,20,100,22,50,44,0,0,22,54,59,100,95,27,97,8
train,pendigits.tra:219,39,80,21,60,35,19,12,0,0,31,16,72,51,98,100,100,5
train,pendigits.tra:220,52,100,29,73,0,47,19,42,69,37,100,54,90,30,88,0,4
train,pendigits.tra:221,78,100,40,94,16,58,5,21,53,0,100,27,36,30,0,0,6
train,pendigits.tra:222,0,89,47,100,89,87,74,61,45,37,15,14,43,0,100,1,2
train,pendigits.tra:223,44,80,80,100,100,85,72,59,92,38,93,14,49,3,0,0,3
train,pendigits.tra:224,80,100,60,76,26,52,0,28,46,11,97,29,100,24,100,0,4
train,pendigits.tra:225,51,100,0,90,5,57,92,61,100,70,85,82,68,40,86,0,4
train,pendigits.tra:226,95,68,77,100,21,76,60,38,68,0,0,15,29,53,100,81,8
train,pendigits.tra:227,91,100,66,88,31,58,15,26,50,0,100,17,67,45,0,47,6
train,pendigits.tra:228,34,64,52,100,58,57,37,16,0,0,24,20,61,1,100,5,2
train,pendigits.tra:229,38,92,15,72,42,44,25,0,0,8,8,61,40,93,100,100,5
train,pendigits.tra:230,27,92,22,53,58,28,18,0,0,32,13,85,50,98,100,100,5
train,pendigits.tra:231,100,100,52,80,20,52,6,20,45,0,99,12,59,30,0,25,6
train,pendigits.tra:232,0,96,40,100,60,66,58,27,41,0,20,35,54,42,100,46,7
train,pendigits.tra:233,0,82,25,100,52,73,44,34,32,0,0,29,50,34,100,39,7
train,pendigits.tra:234,0,48,30,67,65,85,100,100,84,75,65,51,47,25,34,0,1
train,pendigits.tra:235,0,100,50,97,100,91,74,63,55,29,42,0,20,31,68,36,7
train,pendigits.tra:236,14,55,40,61,59,100,58,62,59,21,100,14,48,5,0,0,1
train,pendigits.tra:237,46,96,80,100,81,76,77,60,100,36,75,12,36,0,0,6,3
train,pendigits.tra:238,0,67,38,66,62,30,38,0,8,30,45,63,100,90,58,100,8
train,pendigits.tra:239,92,73,32,63,0,86,51,100,100,82,96,51,64,23,21,0,9
train,pendigits.tra:240,34,76,0,41,7,0,62,0,100,33,95,74,49,100,0,83,0
train,pendigits.tra:241,52,80,84,100,100,75,58,53,91,48,89,10,44,0,0,16,3
train,pendigits.tra:242,33,93,8,58,0,20,35,0,78,21,100,55,94,93,48,100,0
train,pendigits.tra:243,0,93,45,100,74,75,57,37,35,0,25,24,53,41,100,37,7
train,pendigits.tra:244,100,75,95,100,24,81,38,44,69,8,0,0,45,33,96,64,8
train,pendigits.tra:245,9,61,25,100,59,72,42,27,0,5,5,24,53,16,100,0,2
train,pendigits.tra:246,65,96,81,66,100,100,40,92,71,64,93,45,65,5,0,0,9
train,pendigits.tra:247,77,100,53,90,0,43,13,0,86,34,100,84,73,51,10,9,0
train,pendigits.tra:248,0,0,38,13,71,34,94,61,100,90,63,100,44,76,73,53,9
train,pendigits.tra:249,49,54,100,78,65,100,0,82,12,60,90,64,95,33,86,0,9
train,pendigits.tra:250,0,45,0,61,48,82,100,100,97,78,72,51,45,24,33,0,1
train,pendigits.tra:251,73,100,43,70,0,42,25,41,100,45,90,64,63,32,54,0,4
train,pendigits.tra:252,100,100,71,95,30,64,1,27,32,0,82,19,54,51,0,48,6
train,pendigits.tra:253,0,82,40,100,80,80,43,53,54,45,100,25,63,0,3,4,3
train,pendigits.tra:254,0,74,28,100,69,99,79,63,59,28,28,0,57,0,100,2,2
train,pendigits.tra:255,100,100,68,78,37,55,13,29,11,0,51,2,41,20,0,20,6
train,pendigits.tra:256,22,98,0,75,4,18,55,0,100,36,84,89,34,100,21,46,0
train,pendigits.tra:257,100,100,14,90,74,55,79,97,37,62,0,39,36,0,39,44,8
train,pendigits.tra:258,67,97,19,74,0,30,34,0,79,32,100,76,58,100,10,73,0
train,pendigits.tra:259,86,100,0,95,32,56,100,22,30,0,5,36,80,68,52,99,8
train,pendigits.tra:260,76,82,34,77,0,84,55,100,100,85,77,52,38,25,3,0,9
train,pendigits.tra:261,34,79,66,100,83,72,52,51,100,49,91,13,43,0,0,14,3
train,pendigits.tra:262,0,68,73,45,100,8,20,0,37,38,92,72,85,100,7,81,8
train,pendigits.tra:263,100,92,64,100,37,77,20,50,11,21,22,0,35,26,0,40,6
train,pendigits.tra:264,85,100,56,72,42,39,55,7,100,0,95,30,46,37,0,23,6
train,pendigits.tra:265,28,75,57,100,93,82,71,51,33,26,0,0,49,5,100,16,2
train,pendigits.tra:266,31,88,5,50,4,8,57,0,100,30,100,71,56,100,0,92,0
train,pendigits.tra:267,62,45,95,75,69,100,4,86,0,59,74,57,100,32,94,0,9
train,pendigits.tra:268,0,89,41,94,87,100,100,98,80,75,68,50,59,25,60,0,7
train,pendigits.tra:269,38,73,5,64,0,15,53,0,98,34,100,83,47,100,20,60,0
train,pendigits.tra:270,56,83,28,61,90,23,24,0,22,40,100,72,72,100,0,72,8
train,pendigits.tra:271,76,85,0,100,16,63,81,31,69,0,6,25,34,64,100,95,8
train,pendigits.tra:272,3,100,4,83,0,56,15,31,60,28,100,42,91,26,88,0,4
train,pendigits.tra:273,70,100,46,70,12,38,0,25,52,29,100,41,96,38,90,0,4
train,pendigits.tra:274,65,100,25,93,0,56,11,16,60,0,100,20,50,28,9,1,6
train,pendigits.tra:275,100,100,50,98,16,67,0,30,26,0,80,8,81,34,29,24,6
train,pendigits.tra:276,13,100,8,93,0,66,8,41,57,40,100,50,82,25,69,0,4
train,pendigits.tra:277,10,97,2,47,24,1,74,0,100,43,82,90,33,100,0,65,0
train,pendigits.tra:278,28,55,63,78,100,100,75,71,56,42,35,13,0,0,25,0,1
train,pendigits.tra:279,41,79,47,100,84,94,71,52,42,16,0,3,49,7,100,0,2
train,pendigits.tra:280,0,80,30,100,74,81,82,43,75,4,39,0,44,16,100,20,7
train,pendigits.tra:281,33,80,23,100,87,96,97,68,79,44,100,16,44,0,0,22,3
train,pendigits.tra:282,45,100,1,67,0,24,69,24,100,48,73,98,80,53,90,0,4
train,pendigits.tra:283,100,96,66,100,63,85,85,88,78,53,66,20,35,0,0,12,9
train,pendigits.tra:284,100,100,62,83,36,57,23,26,42,0,81,10,43,23,0,18,6
train,pendigits.tra:285,100,97,56,100,22,83,18,50,53,47,68,22,37,0,0,6,5
train,pendigits.tra:286,36,69,33,100,64,85,43,48,0,21,6,19,57,0,100,20,2
train,pendigits.tra:287,100,100,59,78,25,52,0,24,16,0,79,8,70,29,7,27,6
train,pendigits.tra:288,0,95,52,100,100,79,83,44,67,8,45,0,3,30,84,38,7
train,pendigits.tra:289,92,100,61,85,31,57,10,29,21,0,100,7,69,27,0,13,6
train,pendigits.tra:290,93,91,40,100,15,79,23,36,72,53,100,21,57,0,0,6,5
train,pendigits.tra:291,23,76,52,100,100,98,79,71,63,50,82,19,49,0,0,7,3
train,pendigits.tra:292,28,71,43,100,76,79,49,47,11,21,0,0,50,1,100,4,2
train,pendigits.tra:293,100,100,63,94,20,73,13,44,70,47,89,19,46,0,0,7,5
train,pendigits.tra:294,100,100,54,90,17,66,0,35,16,5,66,0,66,29,22,47,6
train,pendigits.tra:295,74,100,30,76,0,50,55,49,100,72,77,56,52,28,35,0,4
train,pendigits.tra:296,39,81,72,100,100,77,71,51,95,43,95,16,50,0,0,1,3
train,pendigits.tra:297,41,53,60,100,100,89,70,42,33,0,72,16,54,62,0,72,8
train,pendigits.tra:298,0,84,34,100,67,85,60,44,31,19,26,20,64,13,100,0,2
train,pendigits.tra:299,29,88,23,57,73,40,51,0,0,13,12,58,42,94,100,100,5
train,pendigits.tra:300,11,84,52,100,100,96,83,66,72,50,87,16,45,0,0,11,3
train,pendigits.tra:301,54,85,100,100,99,98,49,86,23,60,63,34,50,1,0,0,5
train,pendigits.tra:302,0,94,46,100,100,97,82,62,48,30,17,0,18,34,74,38,7
train,pendigits.tra:303,47,100,19,81,0,58,19,39,61,38,100,42,82,23,62,0,4
train,pendigits.tra:304,13,78,45,100,97,87,69,58,76,47,100,15,49,0,0,19,3
train,pendigits.tra:305,100,100,55,98,26,81,40,67,78,55,74,25,43,1,0,0,5
train,pendigits.tra:306,0,32,29,55,63,78,100,100,90,75,88,50,84,25,80,0,1
train,pendigits.tra:307,0,73,28,92,73,100,100,81,85,55,58,32,36,8,79,0,2
train,pendigits.tra:308,100,97,66,100,30,88,24,55,54,59,61,27,38,0,0,1,5
train,pendigits.tra:309,92,65,50,100,0,82,47,46,87,6,42,0,54,45,100,79,8
train,pendigits.tra:310,9,32,60,62,80,100,6,93,36,56,100,27,57,0,0,25,8
train,pendigits.tra:311,42,100,34,73,0,42,2,42,62,36,100,59,92,35,87,0,4
train,pendigits.tra:312,0,78,40,100,97,78,69,39,44,0,100,7,35,37,22,73,8
train,pendigits.tra:313,43,100,98,96,77,97,37,70,60,53,100,20,47,0,0,14,5
train,pendigits.tra:314,100,74,46,65,0,78,36,100,78,88,80,58,78,28,88,0,9
train,pendigits.tra:315,33,78,66,100,91,86,64,60,100,42,82,10,41,0,0,7,3
train,pendigits.tra:316,10,86,0,44,33,0,80,9,100,65,64,100,22,74,32,20,0
train,pendigits.tra:317,0,85,32,100,76,91,70,65,38,43,11,20,50,6,100,0,2
train,pendigits.tra:318,0,84,40,100,76,71,65,33,32,0,5,28,42,44,100,46,7
train,pendigits.tra:319,21,82,13,55,54,100,27,87,38,37,40,0,0,7,100,5,1
train,pendigits.tra:320,0,65,46,91,50,100,50,62,52,23,4,2,12,5,100,0,1
train,pendigits.tra:321,36,63,0,67,53,84,100,100,83,74,66,47,53,21,51,0,1
train,pendigits.tra:322,10,100,24,93,0,61,0,37,69,35,100,57,80,34,70,0,4
train,pendigits.tra:323,0,88,41,100,73,80,64,40,49,0,40,13,49,42,100,46,7
train,pendigits.tra:324,0,89,41,100,89,93,100,62,84,31,64,0,27,17,54,34,7
train,pendigits.tra:325,55,76,22,68,66,29,39,0,52,32,100,68,69,100,0,86,8
train,pendigits.tra:326,0,52,37,73,76,94,100,100,75,75,53,49,35,22,28,0,1
train,pendigits.tra:327,45,92,19,94,42,68,58,100,89,69,100,24,55,0,0,3,9
train,pendigits.tra:328,27,100,2,56,12,8,62,0,100,33,94,79,46,94,0,72,0
train,pendigits.tra:329,100,100,66,100,25,69,0,35,14,0,77,0,72,34,10,51,6
train,pendigits.tra:330,38,76,58,100,21,65,0,27,44,0,100,22,45,36,22,8,6
train,pendigits.tra:331,24,66,100,89,30,66,88,32,34,0,0,34,61,72,77,100,8
train,pendigits.tra:332,37,100,57,91,47,50,22,20,0,17,33,17,66,4,100,0,2
train,pendigits.tra:333,5,85,50,100,79,77,54,50,85,44,100,22,56,2,0,0,3
train,pendigits.tra:334,93,100,5,96,42,65,85,32,58,0,0,14,36,47,100,74,8
train,pendigits.tra:335,0,89,28,100,64,85,43,61,9,44,23,21,62,11,100,0,2
train,pendigits.tra:336,43,99,8,68,73,74,62,25,0,0,7,49,20,96,100,100,5
train,pendigits.tra:337,22,83,62,100,92,78,51,53,55,37,100,17,55,0,0,7,3
train,pendigits.tra:338,100,100,44,91,7,60,0,24,46,0,99,24,41,30,19,0,6
train,pendigits.tra:339,0,83,37,100,81,90,65,61,100,45,97,15,54,0,14,7,3
train,pendigits.tra:340,0,76,24,100,65,97,61,63,40,31,6,5,51,2,100,0,2
train,pendigits.tra:341,0,95,35,100,59,78,61,52,46,27,22,5,56,0,100,1,2
train,pendigits.tra:342,100,100,57,78,25,53,12,26,30,0,88,7,65,28,0,21,6
train,pendigits.tra:343,5,79,19,100,25,66,14,32,0,3,34,0,66,5,100,7,2
train,pendigits.tra:344,50,86,17,60,0,27,21,0,70,9,100,37,91,70,63,100,0
train,pendigits.tra:345,86,79,47,100,18,62,65,27,66,0,0,3,46,39,100,71,8
train,pendigits.tra:346,38,96,49,68,74,100,24,87,91,80,100,30,54,0,0,32,9
train,pendigits.tra:347,0,100,65,99,70,66,51,33,32,0,15,12,29,39,100,44,7
train,pendigits.tra:348,0,69,10,54,67,37,47,0,14,13,17,54,34,92,100,100,5
train,pendigits.tra:349,73,100,49,62,0,38,56,43,100,57,88,78,65,39,49,0,4
train,pendigits.tra:350,40,84,61,100,87,83,53,60,96,47,100,23,55,5,0,0,3
train,pendigits.tra:351,0,75,45,85,100,100,84,80,71,59,58,37,55,15,63,0,1
train,pendigits.tra:352,44,60,0,77,47,99,100,100,84,75,75,50,75,24,100,0,1
train,pendigits.tra:353,100,100,75,83,43,57,20,28,31,0,77,6,48,24,0,24,6
train,pendigits.tra:354,100,99,56,100,31,65,87,73,98,90,94,48,61,13,0,0,9
train,pendigits.tra:355,0,56,5,14,47,0,86,25,100,66,76,100,34,80,6,45,0
train,pendigits.tra:356,19,88,62,100,100,81,83,48,47,23,0,6,18,0,72,1,2
train,pendigits.tra:357,11,50,0,16,38,0,79,8,100,46,76,84,37,100,0,84,0
train,pendigits.tra:358,32,76,70,100,100,72,66,38,7,19,0,33,59,18,91,0,2
train,pendigits.tra:359,86,78,48,100,14,72,19,35,2,0,0,29,49,59,100,88,8
train,pendigits.tra:360,24,87,0,62,7,0,61,0,100,44,80,100,29,93,7,36,0
train,pendigits.tra:361,13,71,40,100,65,69,41,34,0,12,2,8,51,6,100,0,2
train,pendigits.tra:362,100,100,51,85,18,58,0,28,17,0,78,1,68,20,8,12,6
train,pendigits.tra:363,80,100,32,81,7,52,0,21,40,0,100,9,88,30,28,22,6
train,pendigits.tra:364,0,58,4,67,42,83,79,100,100,98,81,66,65,34,66,0,1
train,pendigits.tra:365,0,82,47,100,75,72,52,35,22,0,16,22,41,48,100,52,7
train,pendigits.tra:366,97,66,77,100,8,96,0,67,69,72,100,73,92,36,86,0,9
train,pendigits.tra:367,40,76,62,100,62,69,34,40,0,16,12,11,57,10,100,0,2
train,pendigits.tra:368,25,76,45,100,77,66,57,25,9,3,0,7,53,6,100,0,2
train,pendigits.tra:369,15,100,8,70,0,39,19,20,78,21,100,43,76,30,72,0,4
train,pendigits.tra:370,21,100,12,66,64,49,52,0,10,16,0,72,43,94,100,94,5
train,pendigits.tra:371,17,82,56,100,100,90,64,66,85,40,94,12,48,3,0,0,3
train,pendigits.tra:372,39,100,0,82,22,55,100,63,62,99,62,81,59,40,60,0,4
train,pendigits.tra:373,0,82,26,100,51,80,43,50,24,22,12,2,57,1,100,0,2
train,pendigits.tra:374,30,81,70,100,69,65,39,31,0,5,7,18,52,0,100,4,2
train,pendigits.tra:375,100,100,26,97,1,66,45,33,29,0,0,26,38,61,87,93,8
train,pendigits.tra:376,21,85,8,46,61,47,39,0,0,13,11,66,35,98,100,100,5
train,pendigits.tra:377,17,96,0,45,26,0,73,1,100,48,88,100,44,99,23,52,0
train,pendigits.tra:378,73,98,0,95,16,60,84,29,70,0,45,35,100,69,88,100,8
train,pendigits.tra:379,18,78,53,100,90,81,43,57,90,55,100,22,52,0,0,16,3
train,pendigits.tra:380,9,86,1,51,27,11,76,0,100,39,84,83,37,100,0,69,0
train,pendigits.tra:381,0,100,67,94,83,65,57,33,41,0,0,20,29,31,100,32,7
train,pendigits.tra:382,35,98,76,100,80,72,67,54,100,34,77,9,35,0,0,7,3
train,pendigits.tra:383,33,100,10,76,0,48,4,20,43,0,100,10,81,31,21,25,6
train,pendigits.tra:384,10,78,40,100,100,99,70,53,29,12,0,0,7,45,70,55,7
train,pendigits.tra:385,54,78,77,100,64,60,36,27,0,2,12,4,56,2,100,0,2
train,pendigits.tra:386,0,36,35,56,68,78,100,100,94,76,80,51,70,25,70,0,1
train,pendigits.tra:387,89,100,56,85,0,62,44,50,100,54,82,77,52,38,20,0,4
train,pendigits.tra:388,7,86,0,62,15,20,62,0,100,31,96,73,53,100,8,78,0
train,pendigits.tra:389,0,98,4,100,59,100,100,87,96,64,75,43,51,22,40,0,7
train,pendigits.tra:390,0,99,50,100,100,91,54,57,32,0,69,13,70,28,31,23,7
train,pendigits.tra:391,51,100,21,77,2,49,0,20,45,0,100,17,51,27,4,7,6
train,pendigits.tra:392,63,77,30,100,0,59,12,13,67,0,100,37,88,83,34,88,0
train,pendigits.tra:393,0,83,11,100,56,93,53,67,66,42,100,20,73,1,16,0,3
train,pendigits.tra:394,100,66,56,100,23,73,77,34,65,0,0,24,55,58,73,77,8
train,pendigits.tra:395,100,100,54,85,21,57,0,27,23,0,75,7,57,29,3,23,6
train,pendigits.tra:396,100,100,62,86,30,66,7,41,0,12,36,0,59,18,17,25,6
train,pendigits.tra:397,23,83,0,48,10,9,53,0,91,23,100,63,75,97,31,100,0
train,pendigits.tra:398,39,76,74,40,83,2,11,0,50,35,100,67,73,100,0,81,8
train,pendigits.tra:399,37,79,78,100,94,68,60,37,10,19,0,31,55,24,100,0,2
train,pendigits.tra:400,22,75,47,100,74,82,47,53,84,44,100,17,54,0,0,9,3
train,pendigits.tra:401,12,86,62,100,92,86,54,64,81,46,100,22,62,0,0,5,3
train,pendigits.tra:402,79,97,0,100,9,73,89,87,100,95,79,63,60,30,57,0,9
train,pendigits.tra:403,0,89,10,55,51,30,48,0,18,23,20,66,49,94,100,100,5
train,pendigits.tra:404,0,71,39,81,74,99,100,100,78,75,53,50,28,26,11,0,1
train,pendigits.tra:405,89,100,38,83,0,44,2,0,61,2,100,40,100,88,45,98,0
train,pendigits.tra:406,64,60,76,100,13,99,39,75,100,87,98,44,65,6,0,0,9
train,pendigits.tra:407,76,100,34,77,7,48,0,17,47,0,100,13,78,37,21,29,6
train,pendigits.tra:408,35,61,54,100,58,76,54,31,78,0,100,6,36,5,0,8,1
train,pendigits.tra:409,84,100,37,82,7,55,0,25,35,0,100,7,85,30,23,19,6
train,pendigits.tra:410,44,83,70,100,93,77,59,50,93,44,100,16,53,0,0,3,3
train,pendigits.tra:411,0,99,48,100,100,96,90,55,58,15,33,0,40,40,92,37,7
train,pendigits.tra:412,72,83,49,100,61,58,82,17,0,0,25,33,100,61,75,92,8
train,pendigits.tra:413,0,72,62,95,74,100,69,74,72,49,79,23,51,0,100,0,1
train,pendigits.tra:414,23,63,31,100,64,84,54,45,28,10,0,5,50,3,100,0,2
train,pendigits.tra:415,100,81,83,96,26,100,0,88,16,54,69,40,87,6,34,0,5
train,pendigits.tra:416,22,77,89,62,98,100,32,87,68,63,100,55,81,11,0,0,9
train,pendigits.tra:417,29,72,52,100,63,58,39,17,0,0,18,17,59,10,100,3,2
train,pendigits.tra:418,12,76,47,100,100,98,97,72,52,54,74,30,52,5,0,0,3
train,pendigits.tra:419,9,100,0,72,7,44,62,28,100,45,86,55,68,27,55,0,4
train,pendigits.tra:420,0,96,45,98,100,100,97,83,77,62,60,39,52,17,55,0,7
train,pendigits.tra:421,0,92,39,100,67,79,50,37,24,0,17,22,52,41,100,46,7
train,pendigits.tra:422,31,93,12,78,71,36,31,0,21,33,100,65,69,100,0,78,8
train,pendigits.tra:423,54,100,28,76,5,51,0,28,66,27,100,49,82,25,69,0,4
train,pendigits.tra:424,12,82,41,100,84,84,54,51,88,43,100,10,50,0,0,6,3
train,pendigits.tra:425,29,74,97,77,100,100,0,84,2,59,100,71,44,35,7,0,9
train,pendigits.tra:426,0,98,40,100,78,88,59,42,32,0,28,14,47,41,100,42,7
train,pendigits.tra:427,64,100,34,73,100,39,94,3,0,0,38,38,90,74,76,95,8
train,pendigits.tra:428,100,97,50,100,12,88,6,48,37,47,78,25,50,0,0,2,5
train,pendigits.tra:429,7,89,0,45,16,5,51,0,84,20,100,61,84,100,50,98,0
train,pendigits.tra:430,49,86,50,100,100,96,81,66,82,40,87,9,38,0,0,22,3
train,pendigits.tra:431,6,74,0,32,38,0,90,14,100,64,67,100,18,78,16,34,0
train,pendigits.tra:432,77,60,77,100,10,90,15,49,40,8,0,0,32,34,100,55,8
train,pendigits.tra:433,38,100,18,81,0,52,36,38,95,42,100,60,83,31,85,0,4
train,pendigits.tra:434,0,99,51,100,100,96,72,59,56,16,41,0,24,39,81,50,7
train,pendigits.tra:435,99,100,61,78,37,40,41,0,99,0,100,33,47,50,0,28,6
train,pendigits.tra:436,33,100,0,66,28,40,55,12,1,0,10,46,44,84,100,92,5
train,pendigits.tra:437,4,80,0,100,37,82,33,53,5,28,4,6,52,2,100,0,2
train,pendigits.tra:438,0,79,31,94,68,100,100,88,94,62,74,39,51,18,64,0,2
train,pendigits.tra:439,48,100,39,64,0,31,89,31,100,59,77,85,71,42,63,0,4
train,pendigits.tra:440,84,81,39,100,0,66,9,18,60,0,100,33,89,80,36,92,0
train,pendigits.tra:441,26,89,64,100,81,82,73,61,100,37,81,11,41,0,0,5,3
train,pendigits.tra:442,31,88,6,58,14,13,64,0,100,33,96,77,49,100,0,81,0
train,pendigits.tra:443,0,84,25,100,58,74,51,37,38,0,15,20,43,33,100,32,7
train,pendigits.tra:444,42,79,67,100,78,79,71,60,100,39,85,10,41,0,0,14,3
train,pendigits.tra:445,15,90,57,100,82,85,60,62,100,47,86,23,44,8,0,0,3
train,pendigits.tra:446,15,97,0,76,33,46,95,59,100,100,83,83,87,41,97,0,4
train,pendigits.tra:447,58,85,100,100,87,94,52,72,59,43,85,27,47,2,0,0,5
train,pendigits.tra:448,32,95,100,100,55,95,0,71,7,45,73,33,78,7,11,0,5
train,pendigits.tra:449,0,94,44,100,84,82,100,47,93,10,90,0,88,23,41,26,7
train,pendigits.tra:450,0,95,50,100,100,86,90,49,66,15,49,0,23,32,76,41,7
train,pendigits.tra:451,0,100,17,94,8,64,24,37,70,41,100,57,87,28,100,0,4
train,pendigits.tra:452,66,94,100,100,81,96,50,81,47,50,54,19,26,0,0,12,5
train,pendigits.tra:453,44,97,9,62,0,13,41,0,82,26,100,72,63,100,17,92,0
train,pendigits.tra:454,72,100,36,98,39,81,82,99,100,84,70,48,37,16,0,0,9
train,pendigits.tra:455,0,65,37,82,82,100,100,90,86,65,70,39,55,14,49,0,1
train,pendigits.tra:456,35,96,100,100,44,93,0,73,27,60,85,46,76,17,21,0,5
train,pendigits.tra:457,32,72,57,100,76,71,56,35,21,7,0,4,51,0,100,6,2
train,pendigits.tra:458,100,100,81,81,39,55,0,28,8,0,75,4,66,31,12,25,6
train,pendigits.tra:459,15,72,47,100,88,89,52,60,75,35,100,7,50,0,0,11,3
train,pendigits.tra:460,0,64,47,81,100,100,91,84,65,62,47,40,42,17,63,0,1
train,pendigits.tra:461,51,91,86,100,70,66,43,34,8,6,0,11,49,10,100,0,2
train,pendigits.tra:462,41,82,77,98,100,100,59,90,28,69,54,42,39,13,0,0,5
train,pendigits.tra:463,80,100,31,86,63,74,100,95,83,70,81,41,56,15,0,0,9
train,pendigits.tra:464,100,82,76,100,57,78,99,87,92,68,67,40,38,14,0,0,9
train,pendigits.tra:465,33,76,48,100,100,97,74,50,44,4,77,0,39,40,0,79,8
train,pendigits.tra:466,86,71,72,100,32,75,55,35,42,0,0,17,48,45,100,70,8
train,pendigits.tra:467,31,100,4,70,0,37,66,36,100,50,66,68,36,34,14,0,4
train,pendigits.tra:468,0,87,32,100,75,90,64,45,49,0,82,10,100,33,54,37,7
train,pendigits.tra:469,100,95,87,100,49,74,16,43,6,6,52,0,48,29,0,39,6
train,pendigits.tra:470,100,69,78,100,37,85,83,77,91,52,97,15,51,0,0,0,9
train,pendigits.tra:471,35,44,41,2,81,14,100,60,81,100,40,85,9,49,0,0,0
train,pendigits.tra:472,64,100,32,77,16,47,16,16,58,0,100,16,49,23,0,9,6
train,pendigits.tra:473,100,81,55,54,0,63,23,95,84,100,94,64,74,29,35,0,9
train,pendigits.tra:474,100,64,45,45,0,65,22,100,80,99,99,62,85,23,40,0,9
train,pendigits.tra:475,0,89,31,100,100,80,94,39,63,0,22,15,8,37,95,44,7
train,pendigits.tra:476,100,100,59,73,26,45,0,15,33,0,97,18,81,38,9,28,6
train,pendigits.tra:477,100,77,58,100,16,69,0,27,40,0,93,15,95,58,53,89,0
train,pendigits.tra:478,45,82,39,100,82,99,64,43,25,5,0,0,50,4,100,0,2
train,pendigits.tra:479,27,100,0,64,4,8,63,0,100,46,73,96,12,79,0,25,0
train,pendigits.tra:480,40,67,54,100,91,85,69,49,34,20,0,0,49,1,100,0,2
train,pendigits.tra:481,44,89,100,100,91,93,35,79,33,55,73,29,54,0,0,11,5
train,pendigits.tra:482,100,100,66,94,38,70,15,45,0,18,26,0,55,16,11,24,6
train,pendigits.tra:483,0,98,51,100,100,87,76,48,60,8,46,0,3,24,94,26,7
train,pendigits.tra:484,93,100,52,82,19,52,12,18,60,0,100,21,44,32,0,10,6
train,pendigits.tra:485,8,92,58,64,100,30,73,0,12,22,0,61,3,97,90,100,5
train,pendigits.tra:486,23,85,0,49,2,11,52,0,91,30,100,67,70,100,14,96,0
train,pendigits.tra:487,20,85,0,61,18,22,50,0,86,11,100,51,79,87,45,100,0
train,pendigits.tra:489,68,46,89,75,52,100,0,80,6,53,72,54,100,33,89,0,9
train,pendigits.tra:490,29,97,31,70,61,42,50,0,0,20,17,60,41,98,100,100,5
train,pendigits.tra:491,41,96,99,100,100,74,58,38,28,0,7,16,0,45,80,34,7
train,pendigits.tra:492,100,100,50,76,0,36,76,35,99,62,89,96,80,45,72,0,4
train,pendigits.tra:493,22,77,34,100,90,99,65,67,72,56,100,28,58,2,0,0,3
train,pendigits.tra:494,0,75,8,100,40,91,28,59,7,31,13,8,56,5,100,0,2
train,pendigits.tra:495,0,57,36,83,62,100,54,64,47,28,12,0,30,2,100,3,1
train,pendigits.tra:496,0,64,48,80,100,100,95,87,76,65,67,43,57,22,71,0,1
train,pendigits.tra:497,0,87,9,47,80,54,80,7,24,0,2,50,25,91,100,100,5
train,pendigits.tra:498,0,72,9,100,68,94,74,63,49,34,6,9,30,0,100,1,2
train,pendigits.tra:499,0,90,46,100,100,98,87,76,56,56,74,34,56,12,8,0,3
train,pendigits.tra:500,53,79,44,55,22,10,0,0,32,36,66,69,100,100,61,83,8
train,pendigits.tra:501,100,95,68,100,34,98,19,61,53,61,61,20,31,2,0,0,5
train,pendigits.tra:502,0,12,50,48,84,87,24,100,29,65,100,35,84,0,9,11,8
train,pendigits.tra:503,0,95,51,100,91,86,81,45,68,5,55,0,46,34,100,33,7
train,pendigits.tra:505,0,89,54,100,100,80,82,37,48,0,11,5,19,32,76,38,7
train,pendigits.tra:506,14,86,0,58,58,63,77,21,27,0,14,55,36,93,100,100,5
train,pendigits.tra:507,34,100,9,68,61,65,67,24,0,0,3,45,20,92,100,99,5
train,pendigits.tra:508,45,70,77,35,58,0,0,10,48,42,100,71,84,100,26,81,8
train,pendigits.tra:509,29,75,29,85,100,100,85,81,59,61,38,41,15,20,0,0,1
train,pendigits.tra:510,6,100,0,80,32,54,100,59,99,99,72,77,60,38,43,0,4
train,pendigits.tra:511,68,100,50,79,15,51,0,47,54,38,100,49,91,35,87,0,4
train,pendigits.tra:512,99,68,58,100,0,78,47,42,100,9,39,0,47,41,100,73,8
train,pendigits.tra:513,0,86,37,100,95,92,87,67,55,44,18,23,32,2,100,0,2
train,pendigits.tra:514,100,94,54,96,9,100,0,60,43,52,72,24,41,0,13,8,5
train,pendigits.tra:515,0,79,36,100,82,81,87,40,70,0,31,24,45,45,100,50,7
train,pendigits.tra:516,32,74,87,95,100,100,84,73,79,46,66,18,0,0,3,0,1
train,pendigits.tra:517,29,100,3,82,0,52,60,51,100,78,90,56,81,27,75,0,4
train,pendigits.tra:518,0,75,36,100,63,73,47,34,14,4,4,10,52,9,100,0,2
train,pendigits.tra:519,13,95,17,66,83,35,77,0,0,14,42,49,100,81,34,100,8
train,pendigits.tra:520,8,58,56,77,100,100,88,95,60,72,36,48,12,24,0,0,1
train,pendigits.tra:521,15,73,42,100,32,72,27,39,44,7,100,0,52,5,0,3,1
train,pendigits.tra:523,0,62,21,100,27,80,26,35,4,4,12,0,55,2,100,5,1
train,pendigits.tra:524,0,90,47,100,65,69,48,31,37,0,14,34,49,40,100,39,7
train,pendigits.tra:525,24,58,84,87,100,100,89,60,85,20,45,0,0,1,94,2,1
train,pendigits.tra:527,26,74,54,100,70,70,49,37,18,7,0,7,49,15,100,0,2
train,pendigits.tra:528,38,63,74,100,11,86,34,43,67,0,0,7,27,48,100,76,8
train,pendigits.tra:529,43,83,42,76,52,100,46,44,36,0,0,13,50,12,100,13,1
train,pendigits.tra:531,5,100,93,97,100,74,65,41,37,8,5,0,0,24,89,23,7
train,pendigits.tra:532,8,100,0,81,9,52,81,54,100,75,86,64,87,32,90,0,4
train,pendigits.tra:534,68,100,23,77,0,41,7,3,64,0,100,31,56,39,14,11,6
train,pendigits.tra:535,26,80,57,100,72,75,54,44,24,18,0,11,50,8,100,0,2
train,pendigits.tra:536,52,96,84,100,100,79,73,58,84,35,90,11,47,0,0,5,3
train,pendigits.tra:537,0,95,43,100,100,93,64,62,33,29,1,0,1,36,72,36,7
train,pendigits.tra:538,100,97,40,100,0,65,35,27,39,0,40,38,87,73,87,100,8
train,pendigits.tra:539,76,70,32,100,10,71,85,41,100,4,4,0,0,39,54,73,8
train,pendigits.tra:541,8,100,0,77,0,55,29,38,71,55,71,42,71,20,100,0,4
train,pendigits.tra:543,0,78,39,100,82,75,68,37,54,0,6,25,35,37,100,37,7
train,pendigits.tra:544,0,95,54,100,93,79,81,42,60,7,36,0,44,27,100,31,7
train,pendigits.tra:545,55,89,32,100,5,65,0,28,43,0,100,19,51,31,16,0,6
train,pendigits.tra:547,19,100,3,83,0,60,8,37,92,33,81,44,70,21,100,0,4
train,pendigits.tra:549,59,85,25,71,88,35,79,0,7,29,62,64,100,100,0,99,8
train,pendigits.tra:550,0,96,10,100,59,99,100,87,93,64,69,43,44,22,25,0,7
train,pendigits.tra:551,0,84,46,100,96,88,94,50,83,11,62,0,45,26,100,26,7
train,pendigits.tra:552,0,98,20,100,19,70,11,40,43,27,89,42,94,29,100,0,4
train,pendigits.tra:553,0,54,49,75,96,100,91,75,69,45,51,16,27,0,100,6,1
train,pendigits.tra:554,44,73,66,100,100,88,74,57,33,32,0,21,53,19,99,0,2
train,pendigits.tra:556,0,100,82,95,100,79,100,64,91,48,82,32,55,15,55,0,1
train,pendigits.tra:557,0,99,50,100,77,77,59,50,29,26,0,2,48,0,100,4,2
train,pendigits.tra:558,9,61,16,100,58,96,41,53,7,18,0,8,49,2,100,0,2
train,pendigits.tra:559,84,52,98,96,64,100,73,62,100,55,83,9,42,0,0,4,9
train,pendigits.tra:560,65,100,20,85,0,52,59,42,100,64,79,62,38,32,7,0,4
train,pendigits.tra:561,78,99,0,100,17,63,57,28,47,0,7,31,45,65,100,95,8
train,pendigits.tra:562,19,74,43,100,70,80,53,53,100,42,98,12,50,0,0,4,3
train,pendigits.tra:563,27,84,65,77,71,100,0,88,78,80,100,53,60,24,5,0,9
train,pendigits.tra:564,43,75,61,100,94,86,75,47,43,14,0,2,49,0,100,1,2
train,pendigits.tra:565,14,99,16,67,67,33,74,0,0,17,44,48,100,77,39,100,8
train,pendigits.tra:567,45,79,57,100,100,93,86,66,70,44,87,20,46,6,0,0,3
train,pendigits.tra:568,10,86,51,100,84,78,53,48,85,40,100,14,52,0,0,0,3
train,pendigits.tra:569,100,100,65,85,33,64,10,39,0,11,35,0,54,22,10,24,6
train,pendigits.tra:570,50,89,52,100,0,67,23,45,96,48,100,76,60,39,38,0,4
train,pendigits.tra:571,42,100,22,76,0,52,26,34,82,41,100,47,74,24,57,0,4
train,pendigits.tra:572,100,100,35,91,0,57,1,18,67,10,96,39,27,33,16,0,6
train,pendigits.tra:573,0,82,37,62,83,30,65,0,46,32,81,66,100,100,23,90,8
train,pendigits.tra:574,100,100,63,84,32,55,13,22,43,0,81,17,36,28,0,8,6
train,pendigits.tra:575,19,100,55,99,58,67,30,39,0,15,21,0,60,1,100,0,2
train,pendigits.tra:576,57,68,52,100,4,71,48,37,63,0,0,13,27,49,100,78,8
train,pendigits.tra:578,33,64,36,100,59,71,44,34,0,18,32,26,71,0,100,22,2
train,pendigits.tra:579,8,80,40,100,61,67,38,31,0,12,21,27,61,10,100,0,2
train,pendigits.tra:582,29,89,84,100,80,73,36,50,94,38,100,9,41,0,0,17,3
train,pendigits.tra:583,16,38,67,29,43,0,22,25,66,57,100,94,50,100,0,74,8
train,pendigits.tra:584,35,73,77,55,100,20,39,0,37,35,79,68,86,100,0,84,8
train,pendigits.tra:585,75,100,0,89,70,61,100,26,32,0,7,31,63,63,95,99,8
train,pendigits.tra:586,62,99,19,100,55,82,71,98,99,58,100,14,49,0,0,20,9
train,pendigits.tra:590,62,77,76,100,95,83,56,58,95,52,100,21,55,2,0,0,3
train,pendigits.tra:591,100,92,62,100,21,75,51,73,87,85,63,51,36,17,0,0,9
train,pendigits.tra:593,27,100,34,93,0,62,25,44,100,44,91,65,68,32,51,0,4
train,pendigits.tra:595,0,58,42,78,90,99,100,100,87,75,78,50,76,25,84,0,1
train,pendigits.tra:597,18,97,35,100,0,76,0,53,64,54,100,53,75,27,66,0,4
train,pendigits.tra:600,19,81,53,100,68,79,49,52,95,38,100,9,50,0,0,7,3
train,pendigits.tra:602,85,87,48,72,0,73,34,100,82,96,89,64,87,31,100,0,9
train,pendigits.tra:603,73,100,39,75,0,52,43,54,92,61,100,71,84,35,72,0,4
train,pendigits.tra:611,0,66,37,73,73,90,100,100,98,74,96,48,90,22,87,0,1
train,pendigits.tra:613,14,70,46,100,48,78,41,36,21,0,0,3,50,1,100,1,1
train,pendigits.tra:614,0,61,24,71,62,90,100,100,86,74,68,49,51,23,41,0,1
train,pendigits.tra:615,55,83,100,100,93,83,82,56,84,28,71,2,0,0,73,3,1
train,pendigits.tra:616,16,81,40,59,100,90,30,100,48,69,95,59,75,9,0,0,9
train,pendigits.tra:619,9,86,53,100,96,81,64,55,93,48,100,18,51,0,0,11,3
train,pendigits.tra:621,0,84,39,100,79,78,39,55,67,48,100,21,62,0,15,10,3
train,pendigits.tra:623,19,100,61,98,62,56,50,14,29,0,0,35,50,40,100,39,7
train,pendigits.tra:626,100,100,61,87,70,65,93,92,89,64,74,28,41,6,0,0,9
train,pendigits.tra:633,0,95,37,99,77,100,100,74,98,37,95,0,70,13,77,31,7
train,pendigits.tra:638,0,86,26,100,70,84,77,45,68,5,54,0,50,25,100,23,7
train,pendigits.tra:641,98,74,82,100,6,85,10,60,87,75,100,47,69,17,0,0,9
train,pendigits.tra:645,100,85,48,79,18,100,57,99,64,62,69,26,43,0,0,19,9
train,pendigits.tra:648,0,97,61,100,100,81,88,50,69,20,51,0,30,30,90,36,7
train,pendigits.tra:651,7,100,74,93,38,60,0,93,70,92,100,44,67,0,4,7,9
train,pendigits.tra:674,60,98,34,56,99,66,74,100,58,65,100,58,66,0,0,8,9
train,pendigits.tra:678,48,99,9,100,44,82,64,89,92,56,100,18,55,0,0,5,9
train,pendigits.tra:689,100,77,57,100,0,81,20,50,79,66,86,68,81,31,84,0,9
train,pendigits.tra:690,25,97,37,70,100,88,27,100,0,80,76,65,75,31,29,0,9
train,pendigits.tra:694,0,0,42,10,79,33,100,64,89,96,40,100,22,73,67,64,9
train,pendigits.tra:716,78,72,81,100,8,91,0,55,69,59,100,71,74,33,58,0,9
development,pendigits.tes:1,88,92,2,99,16,66,94,37,70,0,0,24,42,65,100,100,8
development,pendigits.tes:2,80,100,18,98,60,66,100,29,42,0,0,23,42,61,56,98,8
development,pendigits.tes:3,0,94,9,57,20,19,7,0,20,36,70,68,100,100,18,92,8
development,pendigits.tes:4,95,82,71,100,27,77,77,73,100,80,93,42,56,13,0,0,9
development,pendigits.tes:5,68,100,6,88,47,75,87,82,85,56,100,29,75,6,0,0,9
development,pendigits.tes:6,70,100,100,97,70,81,45,65,30,49,20,33,0,16,0,0,1
development,pendigits.tes:7,40,100,0,81,15,58,100,57,47,87,50,88,40,42,36,0,4
development,pendigits.tes:8,3,71,0,95,45,100,100,99,79,78,48,53,31,24,54,0,7
development,pendigits.tes:9,79,87,98,81,71,100,72,73,100,66,91,21,48,0,0,13,9
development,pendigits.tes:10,92,95,30,100,34,68,87,89,84,78,100,35,64,0,0,19,9
development,pendigits.tes:11,58,64,100,96,27,100,0,63,79,65,91,72,48,36,10,0,9
development,pendigits.tes:12,34,89,3,70,1,25,49,0,100,23,100,67,56,99,0,100,0
development,pendigits.tes:13,0,90,46,100,88,92,79,69,60,48,39,27,47,6,100,0,2
development,pendigits.tes:14,20,71,0,29,31,0,78,12,100,51,84,93,37,100,8,66,0
development,pendigits.tes:15,100,100,67,98,41,80,44,50,78,42,68,16,35,2,0,0,5
development,pendigits.tes:16,91,69,48,57,9,79,60,100,100,75,95,40,64,8,0,0,9
development,pendigits.tes:17,30,74,55,100,89,87,66,56,100,38,92,8,41,0,0,20,3
development,pendigits.tes:18,5,65,0,89,37,100,88,97,100,79,71,53,48,26,59,0,7
development,pendigits.tes:19,42,93,19,88,0,42,24,0,83,11,100,56,75,100,17,97,0
development,pendigits.tes:20,4,100,0,72,15,44,79,50,100,76,90,51,83,22,85,0,4
development,pendigits.tes:21,100,100,79,80,54,59,32,38,21,16,50,0,79,16,0,16,6
development,pendigits.tes:22,0,76,30,48,53,9,11,0,47,34,97,66,100,100,38,85,8
development,pendigits.tes:23,0,93,40,100,57,61,51,17,35,0,12,37,54,48,100,49,7
development,pendigits.tes:24,100,100,73,95,40,69,14,39,2,2,39,0,37,29,0,14,6
development,pendigits.tes:25,88,100,42,77,12,50,0,22,45,0,100,17,73,44,15,49,6
development,pendigits.tes:26,33,86,0,55,1,12,52,0,90,34,100,76,56,100,6,77,0
development,pendigits.tes:27,69,100,44,77,5,50,0,28,67,23,100,44,95,29,89,0,4
development,pendigits.tes:28,27,83,0,42,9,0,65,17,96,57,100,100,45,95,10,58,0
development,pendigits.tes:29,19,100,35,93,0,63,12,36,89,37,100,66,94,33,89,0,4
development,pendigits.tes:30,27,73,81,100,83,91,78,52,62,14,0,0,29,1,100,5,1
development,pendigits.tes:31,77,96,38,100,58,77,99,86,100,50,84,12,43,0,0,0,9
development,pendigits.tes:32,41,84,73,100,100,82,62,60,97,38,91,8,42,0,0,19,3
development,pendigits.tes:33,32,92,24,47,71,36,38,0,0,0,21,48,49,92,100,100,5
development,pendigits.tes:34,53,100,30,95,0,60,100,55,92,87,77,79,79,37,79,0,4
development,pendigits.tes:35,100,95,75,100,42,70,0,44,42,33,85,49,83,31,85,0,4
development,pendigits.tes:36,0,50,41,69,76,90,100,100,89,74,78,50,70,25,68,0,1
development,pendigits.tes:37,2,75,37,100,56,99,58,61,46,25,0,0,34,5,100,8,1
development,pendigits.tes:38,10,100,0,60,14,18,60,0,100,24,96,66,58,95,19,73,0
development,pendigits.tes:39,79,90,100,93,63,100,82,84,99,61,87,22,44,0,0,19,9
development,pendigits.tes:40,0,88,59,100,89,72,82,40,63,9,28,0,25,25,100,27,7
development,pendigits.tes:41,5,97,9,61,37,25,0,0,7,32,56,64,100,96,37,100,8
development,pendigits.tes:42,59,89,42,23,29,42,25,100,100,82,75,46,98,0,0,3,3
development,pendigits.tes:43,20,100,6,61,25,28,18,0,0,27,11,63,55,75,100,82,5
development,pendigits.tes:44,100,100,49,77,17,51,2,24,24,0,100,10,73,35,0,42,6
development,pendigits.tes:45,29,80,0,41,14,0,70,14,100,53,100,96,49,100,19,62,0
development,pendigits.tes:46,21,87,33,52,62,13,5,0,0,36,74,66,100,100,5,89,8
development,pendigits.tes:47,13,67,40,100,65,78,37,42,0,11,6,4,60,0,100,19,2
development,pendigits.tes:48,5,70,56,44,60,3,0,0,30,39,84,72,100,100,32,74,8
development,pendigits.tes:49,0,94,68,100,89,68,72,33,43,0,3,21,25,50,100,58,7
development,pendigits.tes:50,100,93,48,100,27,69,30,33,16,0,0,26,41,51,100,58,8
development,pendigits.tes:51,0,55,46,58,73,82,100,100,92,75,89,50,84,25,89,0,1
development,pendigits.tes:52,96,66,62,100,32,69,74,62,89,56,100,10,50,0,0,10,9
development,pendigits.tes:53,32,96,70,100,12,95,32,66,89,62,100,22,51,0,0,16,5
development,pendigits.tes:54,79,100,41,82,0,61,23,45,77,37,86,54,86,25,100,0,4
development,pendigits.tes:55,22,72,55,100,54,89,53,50,55,12,0,1,49,0,100,4,1
development,pendigits.tes:56,23,70,51,100,74,82,51,46,20,15,0,4,50,0,100,2,2
development,pendigits.tes:57,88,100,100,95,75,79,38,64,25,47,12,32,0,16,12,0,1
development,pendigits.tes:58,76,100,31,87,1,52,0,14,61,0,100,27,50,42,1,21,6
development,pendigits.tes:59,29,97,0,57,22,10,68,0,100,40,83,90,37,100,12,57,0
development,pendigits.tes:60,53,67,80,44,67,7,0,0,35,36,83,68,100,100,25,80,8
development,pendigits.tes:61,11,45,17,6,55,0,88,25,100,61,79,94,38,100,0,84,0
development,pendigits.tes:62,88,90,18,100,17,66,79,33,49,0,0,28,41,67,100,98,8
development,pendigits.tes:63,75,100,42,78,13,51,0,22,40,0,100,16,88,43,22,35,6
development,pendigits.tes:64,27,82,65,100,100,89,69,62,33,39,0,15,37,1,88,0,2
development,pendigits.tes:65,70,84,11,76,0,91,56,100,99,83,100,55,88,28,75,0,9
development,pendigits.tes:66,88,100,29,100,30,74,85,83,100,67,97,27,57,0,0,5,9
development,pendigits.tes:67,51,54,100,87,36,100,19,62,44,22,2,0,0,37,78,57,8
development,pendigits.tes:68,15,84,0,57,5,17,52,0,95,28,100,67,70,100,20,87,0
development,pendigits.tes:69,0,76,29,95,92,100,81,77,75,56,100,35,85,13,31,0,3
development,pendigits.tes:70,38,65,36,98,100,100,99,69,62,55,96,26,55,0,0,15,3
development,pendigits.tes:71,82,100,8,92,45,60,100,29,52,0,0,24,21,61,53,98,8
development,pendigits.tes:72,0,82,34,100,78,90,49,62,80,49,100,18,62,0,18,13,3
development,pendigits.tes:73,53,64,73,100,70,83,67,42,36,11,0,0,49,4,100,9,1
development,pendigits.tes:74,0,39,30,69,48,100,39,69,41,35,33,5,31,2,100,0,1
development,pendigits.tes:75,12,91,48,100,66,77,77,63,100,42,75,15,34,0,0,15,3
development,pendigits.tes:76,100,89,34,100,0,75,76,78,83,62,90,35,85,8,5,0,9
development,pendigits.tes:77,26,98,24,49,45,13,17,0,0,35,26,72,62,91,100,100,5
development,pendigits.tes:78,61,100,24,88,21,49,26,9,0,0,7,37,51,60,100,78,8
development,pendigits.tes:79,25,76,0,39,15,0,68,1,98,36,100,76,58,100,7,90,0
development,pendigits.tes:80,0,63,37,44,42,6,1,0,25,36,65,67,100,100,46,80,8
development,pendigits.tes:81,62,100,25,91,0,49,7,2,55,0,92,30,100,78,63,100,0
development,pendigits.tes:82,78,99,21,85,0,50,5,14,59,0,100,27,100,65,79,100,0
development,pendigits.tes:83,76,93,24,100,0,72,58,73,74,74,100,42,92,12,37,0,9
development,pendigits.tes:84,100,100,79,86,62,71,50,57,33,43,21,28,8,14,0,0,1
development,pendigits.tes:85,100,98,71,100,42,88,35,55,59,41,61,16,31,3,0,0,5
development,pendigits.tes:86,27,50,56,89,64,100,55,52,35,9,0,2,52,2,100,0,1
development,pendigits.tes:87,0,67,25,100,49,73,36,33,6,0,1,6,53,3,100,11,2
development,pendigits.tes:88,56,97,15,77,0,35,23,0,70,3,100,36,95,78,54,100,0
development,pendigits.tes:89,100,83,25,100,16,67,58,28,12,0,0,33,65,65,89,91,8
development,pendigits.tes:90,23,97,0,48,17,0,58,3,93,35,100,89,59,100,23,73,0
development,pendigits.tes:91,95,76,34,80,0,97,57,100,98,80,100,53,83,25,59,0,9
development,pendigits.tes:92,0,93,41,100,57,65,47,26,21,0,2,35,51,38,100,36,7
development,pendigits.tes:93,17,81,59,100,76,75,53,48,100,44,89,13,40,0,0,20,3
development,pendigits.tes:94,77,64,100,96,45,100,35,63,34,25,0,0,0,36,48,62,8
development,pendigits.tes:95,9,88,22,100,26,65,16,31,0,5,33,1,66,0,100,3,2
development,pendigits.tes:96,99,88,74,100,56,75,100,85,99,57,89,17,46,0,0,4,9
development,pendigits.tes:97,26,94,0,61,6,16,47,0,91,17,100,60,71,95,27,100,0
development,pendigits.tes:98,76,67,75,100,0,77,49,40,83,0,5,12,36,52,100,87,8
development,pendigits.tes:99,34,100,14,83,2,66,0,48,23,34,65,30,91,17,100,0,4
development,pendigits.tes:100,0,98,75,100,84,65,54,31,26,0,100,21,96,39,6,41,7
development,pendigits.tes:101,100,100,55,82,23,54,0,23,33,0,87,15,66,44,11,40,6
development,pendigits.tes:102,8,100,67,99,72,65,55,31,32,0,0,26,36,47,100,52,7
development,pendigits.tes:103,49,100,7,83,0,54,100,60,72,82,51,86,59,36,68,0,4
development,pendigits.tes:104,15,70,48,100,63,89,57,56,67,24,15,1,0,0,100,0,1
development,pendigits.tes:105,0,95,39,100,67,73,53,30,40,0,21,40,53,45,100,40,7
development,pendigits.tes:106,80,100,28,81,44,70,89,82,89,54,100,25,69,4,0,0,9
development,pendigits.tes:107,62,81,100,100,84,91,40,76,67,64,83,26,46,0,0,9,5
development,pendigits.tes:108,45,69,74,100,68,94,57,50,39,9,0,3,50,3,100,0,1
development,pendigits.tes:109,0,89,61,100,100,85,47,65,44,47,98,29,71,4,6,0,3
development,pendigits.tes:110,100,100,70,86,53,72,37,58,20,43,10,29,0,14,13,0,1
development,pendigits.tes:111,100,100,82,91,64,75,50,59,27,43,14,27,0,11,0,0,1
development,pendigits.tes:112,32,75,59,100,88,84,72,54,100,38,89,10,39,0,0,19,3
development,pendigits.tes:113,0,98,39,100,71,80,72,39,69,0,48,29,60,50,100,55,7
development,pendigits.tes:114,0,100,52,94,74,60,71,23,55,0,9,21,43,31,100,31,7
development,pendigits.tes:115,8,96,55,100,62,67,42,30,25,0,0,36,41,49,100,50,7
development,pendigits.tes:116,23,89,59,100,75,68,58,33,36,0,0,18,48,27,100,32,7
development,pendigits.tes:117,42,98,22,72,75,51,62,0,0,6,23,57,43,100,100,99,5
development,pendigits.tes:118,21,85,57,100,63,71,30,55,85,47,100,15,48,0,0,11,3
development,pendigits.tes:119,100,91,49,100,28,66,55,30,26,0,0,30,50,61,95,90,8
development,pendigits.tes:120,7,59,29,100,31,91,32,46,31,1,0,0,54,1,100,0,1
development,pendigits.tes:121,100,65,92,100,39,93,9,62,0,27,31,0,60,26,19,28,6
development,pendigits.tes:122,86,100,46,83,17,56,0,28,17,1,92,0,100,21,22,16,6
development,pendigits.tes:123,100,100,58,96,20,95,0,62,28,58,66,45,55,11,17,0,5
development,pendigits.tes:124,54,87,85,100,76,71,65,47,100,21,77,0,33,5,0,22,3
development,pendigits.tes:125,52,100,12,74,0,41,12,9,66,0,100,27,98,60,79,93,0
development,pendigits.tes:126,19,76,53,100,92,81,73,40,33,13,0,0,49,5,100,6,2
development,pendigits.tes:127,14,93,0,54,52,31,24,0,2,29,4,78,44,96,100,100,5
development,pendigits.tes:128,61,100,0,72,1,42,79,43,100,67,67,90,56,45,57,0,4
development,pendigits.tes:129,10,98,0,54,7,11,51,0,90,30,100,72,66,100,18,88,0
development,pendigits.tes:130,0,93,41,100,62,75,44,39,26,3,5,0,29,19,100,28,7
development,pendigits.tes:131,97,100,45,84,0,62,2,46,48,41,100,45,58,23,21,0,4
development,pendigits.tes:132,52,87,79,100,79,75,72,49,100,29,76,8,36,0,0,7,3
development,pendigits.tes:133,100,96,2,100,0,65,61,32,37,0,19,32,68,68,64,96,8
development,pendigits.tes:134,18,73,62,100,53,85,53,53,52,20,0,0,8,6,100,6,1
development,pendigits.tes:135,29,100,4,77,0,54,64,53,100,69,71,47,46,24,32,0,4
development,pendigits.tes:136,0,84,3,73,30,98,100,100,90,79,73,48,61,16,59,0,7
development,pendigits.tes:137,45,100,12,79,0,52,62,40,100,56,88,55,78,27,68,0,4
development,pendigits.tes:138,14,72,5,25,39,0,81,20,100,63,75,100,30,98,0,65,0
development,pendigits.tes:139,28,96,98,97,87,95,13,100,34,64,100,45,63,0,0,18,5
development,pendigits.tes:140,0,83,28,96,63,100,72,78,58,54,50,29,65,8,100,0,2
development,pendigits.tes:141,24,96,0,61,7,16,43,0,82,11,100,48,78,86,39,100,0
development,pendigits.tes:142,0,94,33,100,52,83,64,65,77,47,100,30,89,13,52,0,3
development,pendigits.tes:143,39,60,64,100,96,84,69,41,25,12,0,15,50,0,100,4,2
development,pendigits.tes:144,98,89,53,100,12,72,0,27,37,0,86,21,100,63,92,90,0
development,pendigits.tes:145,83,95,6,100,20,65,100,38,83,0,0,12,12,55,36,95,8
development,pendigits.tes:146,3,74,33,100,52,71,33,34,3,2,0,4,51,0,100,1,2
development,pendigits.tes:147,0,79,27,93,60,100,77,80,72,54,64,28,66,4,100,0,2
development,pendigits.tes:148,9,49,42,63,82,85,100,100,76,74,51,48,29,22,0,0,1
development,pendigits.tes:149,12,100,10,90,0,56,58,43,100,65,97,70,91,35,90,0,4
development,pendigits.tes:150,36,100,3,88,0,64,54,55,100,67,73,45,46,23,29,0,4
development,pendigits.tes:151,20,57,0,20,40,0,83,23,100,62,87,100,40,88,11,53,0
development,pendigits.tes:152,0,87,18,95,89,100,100,79,64,41,38,0,1,10,52,24,7
development,pendigits.tes:153,0,61,29,88,51,100,43,66,43,32,23,0,11,2,100,3,1
development,pendigits.tes:154,37,67,84,100,51,80,24,41,32,0,100,4,69,28,0,13,6
development,pendigits.tes:155,24,72,50,100,61,64,33,33,0,12,29,19,64,0,100,10,2
development,pendigits.tes:156,83,74,74,100,42,73,51,36,46,0,0,12,35,41,100,54,8
development,pendigits.tes:157,18,74,49,100,53,67,31,31,0,0,13,11,59,2,100,8,2
development,pendigits.tes:158,24,100,24,76,0,45,100,48,100,57,61,65,61,31,67,0,4
development,pendigits.tes:159,24,96,34,62,72,36,37,0,15,40,0,89,50,99,100,100,5
development,pendigits.tes:160,0,66,39,83,100,100,100,82,84,62,68,41,58,20,50,0,1
development,pendigits.tes:161,31,97,100,100,25,94,12,62,48,62,94,33,60,0,0,5,5
development,pendigits.tes:162,57,94,100,100,48,82,24,48,71,64,85,31,54,0,0,1,5
development,pendigits.tes:163,87,74,63,100,46,71,87,82,100,54,88,17,40,1,0,0,9
development,pendigits.tes:164,79,98,30,90,2,53,0,10,46,0,88,27,100,70,73,100,0
development,pendigits.tes:165,0,77,34,100,82,97,72,64,39,36,4,10,48,1,100,0,2
development,pendigits.tes:166,14,100,14,92,0,65,55,55,100,72,72,53,49,27,29,0,4
development,pendigits.tes:167,0,73,27,86,73,100,100,98,89,72,83,46,82,20,85,0,1
development,pendigits.tes:168,0,87,27,100,55,87,68,68,82,50,100,32,100,13,73,0,3
development,pendigits.tes:169,79,100,27,86,0,53,9,15,53,0,95,25,100,63,76,99,0
development,pendigits.tes:170,87,100,56,95,71,86,87,81,94,50,100,19,53,6,0,0,9
development,pendigits.tes:171,62,83,62,75,81,100,74,86,100,53,90,18,37,0,0,16,9
development,pendigits.tes:172,10,61,35,100,69,88,41,46,0,13,10,28,53,0,100,23,2
development,pendigits.tes:173,70,100,72,97,45,57,39,13,91,0,100,39,41,44,0,11,6
development,pendigits.tes:174,70,100,54,86,29,53,23,16,69,0,100,23,50,36,0,21,6
development,pendigits.tes:175,57,87,41,78,74,38,84,0,0,7,37,48,100,81,90,100,8
development,pendigits.tes:176,11,98,0,55,52,36,45,0,17,22,11,72,42,100,100,99,5
development,pendigits.tes:177,37,80,53,100,88,83,59,60,100,44,92,15,49,0,0,8,3
development,pendigits.tes:178,0,69,47,81,88,100,100,91,91,68,76,45,71,22,68,0,1
development,pendigits.tes:179,24,100,17,56,58,34,37,0,0,23,12,59,51,85,100,93,5
development,pendigits.tes:180,54,98,17,64,0,18,50,0,93,36,100,84,54,100,19,60,0
development,pendigits.tes:181,64,100,10,99,0,71,56,77,72,71,100,37,75,8,19,0,9
development,pendigits.tes:182,100,100,93,86,73,72,57,57,40,44,23,29,10,15,0,0,1
development,pendigits.tes:183,100,99,52,100,17,70,0,32,24,0,68,16,40,45,3,28,6
development,pendigits.tes:184,44,100,20,63,22,22,63,0,100,29,95,69,47,89,0,74,0
development,pendigits.tes:185,0,83,20,100,67,96,73,74,64,51,51,30,56,9,100,0,2
development,pendigits.tes:186,54,73,37,100,0,71,49,36,76,0,19,19,53,56,100,91,8
development,pendigits.tes:187,100,100,63,100,32,78,8,53,0,23,23,0,63,8,44,32,6
development,pendigits.tes:188,75,100,31,92,1,55,0,10,46,0,84,31,100,73,68,99,0
development,pendigits.tes:189,87,100,49,77,19,52,0,24,25,0,83,2,100,25,45,31,6
development,pendigits.tes:190,47,100,12,70,0,41,65,43,100,49,51,69,49,33,50,0,4
development,pendigits.tes:191,9,74,38,100,53,78,30,43,0,17,27,8,63,6,100,0,2
development,pendigits.tes:192,100,94,72,100,49,93,44,64,68,53,55,29,29,13,0,0,5
development,pendigits.tes:193,0,73,40,98,58,100,55,64,58,27,24,3,43,0,100,4,1
development,pendigits.tes:194,73,100,13,64,66,49,100,93,43,70,0,28,17,0,29,34,8
development,pendigits.tes:195,13,78,49,100,65,76,38,48,4,23,0,9,54,14,100,0,2
development,pendigits.tes:196,11,95,8,55,56,35,33,0,0,25,1,65,43,92,100,100,5
development,pendigits.tes:197,33,100,2,54,0,5,62,0,100,42,91,92,32,95,4,49,0
development,pendigits.tes:198,51,100,85,98,100,80,67,67,59,43,67,17,37,1,0,0,3
development,pendigits.tes:199,21,65,9,25,40,0,79,25,100,61,87,98,40,100,0,80,0
development,pendigits.tes:200,77,100,28,90,0,50,15,10,72,0,100,33,48,45,21,11,6
development,pendigits.tes:201,100,100,64,98,36,99,34,68,59,60,62,36,32,17,0,0,5
development,pendigits.tes:202,0,100,59,97,81,66,63,32,44,0,3,25,37,34,100,39,7
development,pendigits.tes:203,18,72,25,100,24,70,22,34,17,0,0,2,51,2,100,2,1
development,pendigits.tes:204,100,93,74,100,30,74,0,44,2,10,57,0,96,23,44,33,6
development,pendigits.tes:205,28,77,40,100,49,67,29,32,0,18,32,14,66,0,100,18,2
development,pendigits.tes:206,100,75,62,62,54,95,93,100,98,63,81,28,46,0,0,1,9
development,pendigits.tes:207,87,67,66,100,0,79,49,45,100,10,40,0,37,40,81,78,8
development,pendigits.tes:208,0,55,20,68,65,88,100,100,76,75,51,50,28,25,11,0,1
development,pendigits.tes:209,19,90,2,64,15,24,62,0,100,30,97,71,55,100,0,92,0
development,pendigits.tes:210,0,94,60,100,98,75,93,40,76,6,48,0,34,23,100,24,7
development,pendigits.tes:211,100,100,70,89,57,74,43,59,35,45,17,29,9,14,0,0,1
development,pendigits.tes:212,86,70,51,100,0,76,78,41,100,0,0,13,40,54,98,80,8
development,pendigits.tes:213,100,100,56,89,22,59,0,26,24,0,77,11,77,39,22,36,6
development,pendigits.tes:214,0,92,44,100,71,83,56,59,100,47,89,19,50,0,3,1,3
development,pendigits.tes:215,29,97,59,100,46,72,14,58,0,43,32,27,64,9,100,0,2
development,pendigits.tes:216,19,78,40,100,54,75,31,45,0,19,26,9,62,0,100,13,2
development,pendigits.tes:217,12,87,0,77,35,97,100,100,98,78,81,43,73,6,72,0,7
development,pendigits.tes:218,81,85,34,100,40,66,60,30,26,0,0,22,47,51,100,78,8
development,pendigits.tes:219,13,91,18,54,66,40,37,0,5,29,0,81,44,99,100,100,5
development,pendigits.tes:220,25,100,16,73,0,44,57,40,100,54,88,58,65,29,51,0,4
development,pendigits.tes:221,23,100,0,81,25,48,100,44,96,80,85,68,76,28,65,0,4
development,pendigits.tes:222,73,100,23,90,70,82,77,95,91,60,100,24,60,0,0,2,9
development,pendigits.tes:223,82,88,35,100,0,69,48,36,79,0,24,15,50,54,100,86,8
development,pendigits.tes:224,64,65,100,100,41,85,67,42,64,0,0,16,20,59,81,74,8
development,pendigits.tes:225,0,54,47,78,69,100,53,68,33,35,0,6,31,0,100,7,1
development,pendigits.tes:226,34,99,9,67,52,42,35,0,0,4,19,62,52,97,100,100,5
development,pendigits.tes:228,0,74,19,98,60,100,46,66,22,34,15,0,59,0,100,11,2
development,pendigits.tes:229,41,93,88,100,86,75,47,53,0,38,5,25,50,10,100,0,2
development,pendigits.tes:230,0,98,49,100,64,89,47,44,42,0,8,37,48,49,100,51,7
development,pendigits.tes:231,0,100,81,100,68,62,34,26,24,0,92,28,100,50,5,46,7
development,pendigits.tes:232,2,88,37,76,87,100,0,93,48,81,95,70,87,34,100,0,9
development,pendigits.tes:234,100,100,60,90,32,70,11,48,0,23,16,0,44,12,8,6,6
development,pendigits.tes:235,28,69,43,100,77,86,60,45,29,9,0,1,52,0,100,6,2
development,pendigits.tes:236,0,87,42,100,100,94,87,73,67,53,64,32,69,11,22,0,3
development,pendigits.tes:237,86,100,38,76,8,48,0,20,50,0,100,18,74,45,8,57,6
development,pendigits.tes:238,100,95,78,100,28,72,0,39,1,4,71,0,88,32,11,41,6
development,pendigits.tes:239,100,100,74,90,28,68,0,44,77,46,72,48,37,23,9,0,4
development,pendigits.tes:240,96,100,51,76,17,50,0,20,41,0,100,16,73,39,4,33,6
development,pendigits.tes:241,0,86,52,100,100,80,99,36,65,0,26,3,34,38,90,49,7
development,pendigits.tes:243,1,77,80,74,75,100,0,84,38,66,100,76,87,38,88,0,9
development,pendigits.tes:244,23,63,0,84,47,100,98,90,100,66,81,43,51,21,19,0,9
development,pendigits.tes:245,17,82,50,100,86,86,56,57,97,46,100,17,51,0,0,6,3
development,pendigits.tes:246,100,100,64,78,33,56,13,32,3,8,54,0,54,17,0,9,6
development,pendigits.tes:247,65,100,33,80,12,57,0,35,6,12,52,0,100,13,58,19,6
development,pendigits.tes:248,100,93,38,100,21,67,85,34,62,0,0,20,50,57,88,93,8
development,pendigits.tes:249,14,96,87,100,21,96,22,58,70,65,100,28,54,0,0,17,5
development,pendigits.tes:250,16,86,44,100,35,59,12,25,0,4,33,3,66,1,100,0,2
development,pendigits.tes:251,100,100,83,96,67,80,50,64,37,48,20,32,7,16,0,0,1
development,pendigits.tes:252,0,89,29,100,66,87,70,66,84,46,100,26,75,8,25,0,3
development,pendigits.tes:254,10,68,35,100,59,72,37,30,0,3,15,14,58,2,100,0,2
development,pendigits.tes:255,24,100,31,56,45,16,16,0,0,43,15,81,57,87,100,88,5
development,pendigits.tes:257,53,85,60,100,57,67,32,39,0,15,29,5,69,0,100,24,2
development,pendigits.tes:258,94,100,50,77,17,49,5,16,50,0,100,14,57,31,0,24,6
development,pendigits.tes:259,71,98,76,100,39,75,0,51,39,36,100,49,76,26,86,0,4
development,pendigits.tes:260,0,84,54,100,100,79,95,42,69,8,29,0,28,26,90,30,7
development,pendigits.tes:261,46,100,38,76,0,48,47,48,100,67,91,64,70,31,44,0,4
development,pendigits.tes:263,38,100,6,73,0,41,71,37,100,67,80,63,49,32,21,0,4
development,pendigits.tes:264,100,100,58,80,26,58,0,35,0,11,61,0,74,12,16,6,6
development,pendigits.tes:265,0,82,46,75,97,100,27,97,45,81,100,79,88,39,78,0,9
development,pendigits.tes:267,88,83,71,100,44,78,86,77,100,64,87,21,46,1,0,0,9
development,pendigits.tes:269,0,91,27,100,31,62,16,26,10,0,40,3,70,7,100,8,2
development,pendigits.tes:272,10,100,0,77,30,60,73,55,100,71,77,53,64,27,57,0,4
development,pendigits.tes:273,0,62,47,88,67,100,63,65,59,29,46,2,34,0,100,0,1
development,pendigits.tes:274,100,100,58,91,24,69,2,42,0,12,39,0,49,26,4,37,6
development,pendigits.tes:275,7,98,58,100,90,70,71,27,41,0,0,27,50,37,100,35,7
development,pendigits.tes:279,11,64,23,100,52,84,34,45,5,10,0,0,50,3,100,5,2
development,pendigits.tes:280,95,79,73,100,61,72,98,95,100,55,84,16,36,0,0,1,9
development,pendigits.tes:282,0,95,54,100,66,90,55,46,51,0,18,16,45,27,100,29,7
development,pendigits.tes:283,0,75,15,100,47,99,42,69,31,39,30,9,63,0,100,1,2
development,pendigits.tes:287,0,89,58,100,88,87,60,44,32,0,22,3,39,33,100,40,7
development,pendigits.tes:289,26,83,72,100,84,69,56,45,100,47,87,15,36,0,0,24,3
development,pendigits.tes:291,24,78,56,100,96,83,77,53,100,39,97,10,46,0,0,18,3
development,pendigits.tes:292,0,99,54,100,78,72,73,39,71,6,48,0,45,14,100,16,7
development,pendigits.tes:295,36,84,81,100,97,70,52,46,96,33,100,5,45,0,0,18,3
development,pendigits.tes:298,22,95,97,100,100,98,18,95,32,70,100,47,72,0,0,16,5
development,pendigits.tes:300,21,90,68,100,69,67,56,47,100,37,80,3,31,0,0,28,3
development,pendigits.tes:301,29,94,91,100,60,92,34,70,72,65,100,31,60,0,0,13,5
development,pendigits.tes:302,28,86,38,57,91,37,57,1,0,0,8,62,42,98,100,100,5
development,pendigits.tes:303,100,100,64,81,35,60,13,37,0,14,31,0,53,21,5,24,6
development,pendigits.tes:305,43,100,0,73,6,44,90,41,100,54,56,68,52,34,62,0,4
development,pendigits.tes:306,49,100,16,85,0,64,20,47,88,51,100,43,84,22,71,0,4
development,pendigits.tes:307,0,96,43,100,76,92,54,48,36,0,21,13,56,32,100,36,7
development,pendigits.tes:308,100,100,51,81,18,54,0,24,29,0,89,11,84,36,23,28,6
development,pendigits.tes:309,30,73,81,71,82,100,33,91,81,68,100,35,55,9,0,0,9
development,pendigits.tes:310,35,100,27,68,0,37,65,42,100,60,100,66,96,32,96,0,4
development,pendigits.tes:311,100,100,57,85,20,57,0,27,26,0,90,8,81,34,14,36,6
development,pendigits.tes:313,17,86,68,100,71,70,57,60,100,41,91,7,35,0,0,19,3
development,pendigits.tes:315,0,70,18,97,76,100,92,74,66,36,54,0,100,26,58,33,7
development,pendigits.tes:317,72,100,1,75,0,42,100,38,99,66,65,83,61,42,64,0,4
development,pendigits.tes:318,31,56,100,80,48,100,0,67,61,52,98,71,63,33,24,0,9
development,pendigits.tes:320,0,89,33,100,49,54,39,6,16,0,10,36,55,35,100,31,7
development,pendigits.tes:321,6,75,36,97,92,100,69,75,66,51,100,30,54,12,0,0,3
development,pendigits.tes:324,48,84,99,100,100,94,53,74,48,44,90,26,55,0,0,1,5
development,pendigits.tes:325,11,100,8,63,44,36,37,0,0,21,1,59,46,84,100,91,5
development,pendigits.tes:328,39,88,0,66,68,60,68,15,8,0,19,47,31,95,100,100,5
development,pendigits.tes:331,14,85,54,100,100,96,72,72,87,41,92,10,47,0,0,3,3
development,pendigits.tes:332,17,100,21,85,0,53,45,47,96,57,92,61,98,28,100,0,4
development,pendigits.tes:337,53,92,100,100,66,94,40,66,49,39,87,18,48,0,0,4,5
development,pendigits.tes:349,14,90,65,100,100,84,57,65,71,53,91,26,56,3,0,0,3
development,pendigits.tes:361,57,100,84,99,79,71,68,47,100,30,77,9,38,0,0,3,3
